ISO-10303-21;
HEADER;
FILE_DESCRIPTION(('FreeCAD Model'),'2;1');
FILE_NAME('Open CASCADE Shape Model','2026-02-19T21:43:21',(''),(''),
  'Open CASCADE STEP processor 7.8','FreeCAD','Unknown');
FILE_SCHEMA(('AUTOMOTIVE_DESIGN { 1 0 10303 214 1 1 1 1 }'));
ENDSEC;
DATA;
#1 = APPLICATION_PROTOCOL_DEFINITION('international standard',
  'automotive_design',2000,#2);
#2 = APPLICATION_CONTEXT(
  'core data for automotive mechanical design processes');
#3 = SHAPE_DEFINITION_REPRESENTATION(#4,#10);
#4 = PRODUCT_DEFINITION_SHAPE('','',#5);
#5 = PRODUCT_DEFINITION('design','',#6,#9);
#6 = PRODUCT_DEFINITION_FORMATION('','',#7);
#7 = PRODUCT('Body001','Body001','',(#8));
#8 = PRODUCT_CONTEXT('',#2,'mechanical');
#9 = PRODUCT_DEFINITION_CONTEXT('part definition',#2,'design');
#10 = ADVANCED_BREP_SHAPE_REPRESENTATION('',(#11,#15),#1836);
#11 = AXIS2_PLACEMENT_3D('',#12,#13,#14);
#12 = CARTESIAN_POINT('',(0.,0.,0.));
#13 = DIRECTION('',(0.,0.,1.));
#14 = DIRECTION('',(1.,0.,-0.));
#15 = MANIFOLD_SOLID_BREP('',#16);
#16 = CLOSED_SHELL('',(#17,#99,#207,#361,#385,#410,#435,#567,#600,#649,
    #666,#720,#769,#794,#867,#941,#965,#991,#1016,#1041,#1063,#1080,
    #1092,#1117,#1134,#1188,#1236,#1284,#1301,#1326,#1351,#1368,#1386,
    #1443,#1498,#1520,#1593,#1637,#1654,#1671,#1727,#1783,#1800,#1812,
    #1824));
#17 = ADVANCED_FACE('',(#18),#94,.T.);
#18 = FACE_BOUND('',#19,.T.);
#19 = EDGE_LOOP('',(#20,#71,#79,#88));
#20 = ORIENTED_EDGE('',*,*,#21,.T.);
#21 = EDGE_CURVE('',#22,#24,#26,.T.);
#22 = VERTEX_POINT('',#23);
#23 = CARTESIAN_POINT('',(-71.06205943924,-140.0118534858,-1.E-15));
#24 = VERTEX_POINT('',#25);
#25 = CARTESIAN_POINT('',(-69.99999999999,-129.9999999999,4.));
#26 = B_SPLINE_CURVE_WITH_KNOTS('',8,(#27,#28,#29,#30,#31,#32,#33,#34,
    #35,#36,#37,#38,#39,#40,#41,#42,#43,#44,#45,#46,#47,#48,#49,#50,#51,
    #52,#53,#54,#55,#56,#57,#58,#59,#60,#61,#62,#63,#64,#65,#66,#67,#68,
    #69,#70),.UNSPECIFIED.,.F.,.F.,(9,7,7,7,7,7,9),(0.,0.361360289674,
    0.660006409167,0.778487610209,0.876591850918,0.926073210027,1.),
  .UNSPECIFIED.);
#27 = CARTESIAN_POINT('',(-71.06205943924,-140.0118534858,-8.9E-16));
#28 = CARTESIAN_POINT('',(-71.01913865682,-139.4857849789,-5.8E-16));
#29 = CARTESIAN_POINT('',(-70.97467261933,-138.9596574749,
    1.118725378162E-02));
#30 = CARTESIAN_POINT('',(-70.92867625778,-138.4336769021,
    3.385905036789E-02));
#31 = CARTESIAN_POINT('',(-70.88117626263,-137.9081533946,
    6.846014523105E-02));
#32 = CARTESIAN_POINT('',(-70.83221435507,-137.3835066792,0.115602693454
    ));
#33 = CARTESIAN_POINT('',(-70.78185010476,-136.8602676535,0.176072791886
    ));
#34 = CARTESIAN_POINT('',(-70.73016468014,-136.3390871066,0.250900643955
    ));
#35 = CARTESIAN_POINT('',(-70.63354957332,-135.392393331,0.416506151685)
  );
#36 = CARTESIAN_POINT('',(-70.58904325183,-134.9663575878,0.502195827124
    ));
#37 = CARTESIAN_POINT('',(-70.54378025424,-134.5427890007,0.599496538962
    ));
#38 = CARTESIAN_POINT('',(-70.49783710865,-134.1222357934,0.709479698809
    ));
#39 = CARTESIAN_POINT('',(-70.45134036379,-133.7056428946,0.833394740035
    ));
#40 = CARTESIAN_POINT('',(-70.40448694109,-133.2944486917,0.972894639498
    ));
#41 = CARTESIAN_POINT('',(-70.35754662461,-132.8905462637,1.129943787896
    ));
#42 = CARTESIAN_POINT('',(-70.29242806529,-132.3404565048,1.37856992735)
  );
#43 = CARTESIAN_POINT('',(-70.2739900411,-132.1858616217,1.452457366404)
  );
#44 = CARTESIAN_POINT('',(-70.25563543872,-132.033089467,1.529819452346)
  );
#45 = CARTESIAN_POINT('',(-70.23739839271,-131.8823792964,1.610880733194
    ));
#46 = CARTESIAN_POINT('',(-70.21932239765,-131.7340389345,1.695881838057
    ));
#47 = CARTESIAN_POINT('',(-70.20146130306,-131.5884492421,1.785086261362
    ));
#48 = CARTESIAN_POINT('',(-70.18388096291,-131.4460740932,1.878795209012
    ));
#49 = CARTESIAN_POINT('',(-70.15240359511,-131.1927144098,2.058992355579
    ));
#50 = CARTESIAN_POINT('',(-70.1383996721,-131.0805953821,2.143913341608)
  );
#51 = CARTESIAN_POINT('',(-70.12469159465,-130.9714072894,2.232353229623
    ));
#52 = CARTESIAN_POINT('',(-70.11133617827,-130.8655527173,2.324520926943
    ));
#53 = CARTESIAN_POINT('',(-70.09840537177,-130.7635445562,2.420610671278
    ));
#54 = CARTESIAN_POINT('',(-70.08598634513,-130.6660038009,2.5207995639)
  );
#55 = CARTESIAN_POINT('',(-70.07418152391,-130.5736589165,2.625246447863
    ));
#56 = CARTESIAN_POINT('',(-70.05752364517,-130.4438130549,2.788991209126
    ));
#57 = CARTESIAN_POINT('',(-70.05212613728,-130.401823627,2.844997535543)
  );
#58 = CARTESIAN_POINT('',(-70.04693155231,-130.3614891083,2.902121994542
    ));
#59 = CARTESIAN_POINT('',(-70.04195706146,-130.3229322397,2.960367285511
    ));
#60 = CARTESIAN_POINT('',(-70.03722111829,-130.2862850972,3.019726393469
    ));
#61 = CARTESIAN_POINT('',(-70.03274307588,-130.2516863058,3.080181059327
    ));
#62 = CARTESIAN_POINT('',(-70.02854280402,-130.2192782535,3.141700250156
    ));
#63 = CARTESIAN_POINT('',(-70.01880984559,-130.1442728302,3.297673040179
    ));
#64 = CARTESIAN_POINT('',(-70.01364083984,-130.1045266008,3.393432739392
    ));
#65 = CARTESIAN_POINT('',(-70.00920535524,-130.0704857649,3.491299828566
    ));
#66 = CARTESIAN_POINT('',(-70.00557128757,-130.0426376264,3.590995650991
    ));
#67 = CARTESIAN_POINT('',(-70.00279826173,-130.0214098411,3.692175105795
    ));
#68 = CARTESIAN_POINT('',(-70.00093240582,-130.0071340573,3.794419240974
    ));
#69 = CARTESIAN_POINT('',(-69.99999999999,-129.9999999999,3.897226125428
    ));
#70 = CARTESIAN_POINT('',(-69.99999999999,-129.9999999999,4.));
#71 = ORIENTED_EDGE('',*,*,#72,.T.);
#72 = EDGE_CURVE('',#24,#73,#75,.T.);
#73 = VERTEX_POINT('',#74);
#74 = CARTESIAN_POINT('',(-52.91024841916,-184.6872050586,4.));
#75 = LINE('',#76,#77);
#76 = CARTESIAN_POINT('',(-69.99999999999,-129.9999999999,4.));
#77 = VECTOR('',#78,1.);
#78 = DIRECTION('',(0.298274993136,-0.954479978035,0.));
#79 = ORIENTED_EDGE('',*,*,#80,.F.);
#80 = EDGE_CURVE('',#81,#73,#83,.T.);
#81 = VERTEX_POINT('',#82);
#82 = CARTESIAN_POINT('',(-56.7281683313,-185.8803050312,-1.E-15));
#83 = CIRCLE('',#84,4.);
#84 = AXIS2_PLACEMENT_3D('',#85,#86,#87);
#85 = CARTESIAN_POINT('',(-56.7281683313,-185.8803050312,4.));
#86 = DIRECTION('',(0.298274993136,-0.954479978035,0.));
#87 = DIRECTION('',(0.,0.,-1.));
#88 = ORIENTED_EDGE('',*,*,#89,.F.);
#89 = EDGE_CURVE('',#22,#81,#90,.T.);
#90 = LINE('',#91,#92);
#91 = CARTESIAN_POINT('',(-73.81791991213,-131.1930999725,-8.9E-16));
#92 = VECTOR('',#93,1.);
#93 = DIRECTION('',(0.298274993136,-0.954479978035,0.));
#94 = CYLINDRICAL_SURFACE('',#95,4.);
#95 = AXIS2_PLACEMENT_3D('',#96,#97,#98);
#96 = CARTESIAN_POINT('',(-73.81791991213,-131.1930999725,4.));
#97 = DIRECTION('',(0.298274993136,-0.954479978035,0.));
#98 = DIRECTION('',(0.,0.,-1.));
#99 = ADVANCED_FACE('',(#100),#202,.F.);
#100 = FACE_BOUND('',#101,.T.);
#101 = EDGE_LOOP('',(#102,#110,#111,#120,#129,#137,#146,#155));
#102 = ORIENTED_EDGE('',*,*,#103,.F.);
#103 = EDGE_CURVE('',#24,#104,#106,.T.);
#104 = VERTEX_POINT('',#105);
#105 = CARTESIAN_POINT('',(-69.99999999999,-129.9999999999,11.));
#106 = LINE('',#107,#108);
#107 = CARTESIAN_POINT('',(-69.99999999999,-129.9999999999,0.));
#108 = VECTOR('',#109,1.);
#109 = DIRECTION('',(0.,0.,1.));
#110 = ORIENTED_EDGE('',*,*,#21,.F.);
#111 = ORIENTED_EDGE('',*,*,#112,.F.);
#112 = EDGE_CURVE('',#113,#22,#115,.T.);
#113 = VERTEX_POINT('',#114);
#114 = CARTESIAN_POINT('',(-69.99999999999,-129.9999999999,0.));
#115 = CIRCLE('',#116,207.37383212448);
#116 = AXIS2_PLACEMENT_3D('',#117,#118,#119);
#117 = CARTESIAN_POINT('',(135.62499999998,-156.8749999999,0.));
#118 = DIRECTION('',(0.,-0.,1.));
#119 = DIRECTION('',(0.,1.,0.));
#120 = ORIENTED_EDGE('',*,*,#121,.F.);
#121 = EDGE_CURVE('',#122,#113,#124,.T.);
#122 = VERTEX_POINT('',#123);
#123 = CARTESIAN_POINT('',(-15.62112598343,-14.99999999999,0.));
#124 = CIRCLE('',#125,207.37383212448);
#125 = AXIS2_PLACEMENT_3D('',#126,#127,#128);
#126 = CARTESIAN_POINT('',(135.62499999998,-156.8749999999,0.));
#127 = DIRECTION('',(0.,0.,1.));
#128 = DIRECTION('',(1.,0.,0.));
#129 = ORIENTED_EDGE('',*,*,#130,.F.);
#130 = EDGE_CURVE('',#131,#122,#133,.T.);
#131 = VERTEX_POINT('',#132);
#132 = CARTESIAN_POINT('',(-15.62112598343,-14.99999999999,15.));
#133 = LINE('',#134,#135);
#134 = CARTESIAN_POINT('',(-15.62112598344,-15.,0.));
#135 = VECTOR('',#136,1.);
#136 = DIRECTION('',(-0.,-0.,-1.));
#137 = ORIENTED_EDGE('',*,*,#138,.T.);
#138 = EDGE_CURVE('',#131,#139,#141,.T.);
#139 = VERTEX_POINT('',#140);
#140 = CARTESIAN_POINT('',(-69.99999999999,-129.9999999999,15.));
#141 = CIRCLE('',#142,207.37383212448);
#142 = AXIS2_PLACEMENT_3D('',#143,#144,#145);
#143 = CARTESIAN_POINT('',(135.62499999998,-156.8749999999,15.));
#144 = DIRECTION('',(0.,0.,1.));
#145 = DIRECTION('',(1.,0.,0.));
#146 = ORIENTED_EDGE('',*,*,#147,.T.);
#147 = EDGE_CURVE('',#139,#148,#150,.T.);
#148 = VERTEX_POINT('',#149);
#149 = CARTESIAN_POINT('',(-71.06205943924,-140.0118534858,15.));
#150 = CIRCLE('',#151,207.37383212448);
#151 = AXIS2_PLACEMENT_3D('',#152,#153,#154);
#152 = CARTESIAN_POINT('',(135.62499999998,-156.8749999999,15.));
#153 = DIRECTION('',(0.,-0.,1.));
#154 = DIRECTION('',(0.,1.,0.));
#155 = ORIENTED_EDGE('',*,*,#156,.T.);
#156 = EDGE_CURVE('',#148,#104,#157,.T.);
#157 = B_SPLINE_CURVE_WITH_KNOTS('',8,(#158,#159,#160,#161,#162,#163,
    #164,#165,#166,#167,#168,#169,#170,#171,#172,#173,#174,#175,#176,
    #177,#178,#179,#180,#181,#182,#183,#184,#185,#186,#187,#188,#189,
    #190,#191,#192,#193,#194,#195,#196,#197,#198,#199,#200,#201),
  .UNSPECIFIED.,.F.,.F.,(9,7,7,7,7,7,9),(0.,0.361360289674,
    0.660006409166,0.778487610208,0.876591850917,0.926073210026,1.),
  .UNSPECIFIED.);
#158 = CARTESIAN_POINT('',(-71.06205943924,-140.0118534858,15.));
#159 = CARTESIAN_POINT('',(-71.01913865682,-139.4857849789,15.));
#160 = CARTESIAN_POINT('',(-70.97467261933,-138.9596574749,
    14.988812746218));
#161 = CARTESIAN_POINT('',(-70.92867625778,-138.4336769021,
    14.966140949632));
#162 = CARTESIAN_POINT('',(-70.88117626263,-137.9081533946,
    14.931539854769));
#163 = CARTESIAN_POINT('',(-70.83221435507,-137.3835066792,
    14.884397306546));
#164 = CARTESIAN_POINT('',(-70.78185010476,-136.8602676535,
    14.823927208114));
#165 = CARTESIAN_POINT('',(-70.73016468014,-136.3390871066,
    14.749099356045));
#166 = CARTESIAN_POINT('',(-70.63354957332,-135.392393331,
    14.583493848315));
#167 = CARTESIAN_POINT('',(-70.58904325183,-134.9663575878,
    14.497804172877));
#168 = CARTESIAN_POINT('',(-70.54378025424,-134.5427890007,
    14.400503461037));
#169 = CARTESIAN_POINT('',(-70.49783710865,-134.1222357934,
    14.290520301192));
#170 = CARTESIAN_POINT('',(-70.45134036379,-133.7056428946,
    14.166605259963));
#171 = CARTESIAN_POINT('',(-70.40448694109,-133.2944486918,
    14.027105360504));
#172 = CARTESIAN_POINT('',(-70.35754662461,-132.8905462637,
    13.870056212104));
#173 = CARTESIAN_POINT('',(-70.29242806529,-132.3404565048,
    13.62143007265));
#174 = CARTESIAN_POINT('',(-70.2739900411,-132.1858616217,
    13.547542633596));
#175 = CARTESIAN_POINT('',(-70.25563543872,-132.033089467,
    13.470180547655));
#176 = CARTESIAN_POINT('',(-70.23739839271,-131.8823792964,
    13.389119266806));
#177 = CARTESIAN_POINT('',(-70.21932239765,-131.7340389345,
    13.304118161943));
#178 = CARTESIAN_POINT('',(-70.20146130306,-131.5884492421,
    13.214913738638));
#179 = CARTESIAN_POINT('',(-70.18388096291,-131.4460740932,
    13.121204790988));
#180 = CARTESIAN_POINT('',(-70.15240359511,-131.1927144098,
    12.941007644421));
#181 = CARTESIAN_POINT('',(-70.1383996721,-131.0805953821,
    12.856086658392));
#182 = CARTESIAN_POINT('',(-70.12469159465,-130.9714072894,
    12.767646770377));
#183 = CARTESIAN_POINT('',(-70.11133617827,-130.8655527173,
    12.675479073057));
#184 = CARTESIAN_POINT('',(-70.09840537177,-130.7635445562,
    12.579389328722));
#185 = CARTESIAN_POINT('',(-70.08598634513,-130.6660038009,12.4792004361
    ));
#186 = CARTESIAN_POINT('',(-70.07418152391,-130.5736589165,
    12.374753552137));
#187 = CARTESIAN_POINT('',(-70.05752364517,-130.4438130549,
    12.211008790874));
#188 = CARTESIAN_POINT('',(-70.05212613728,-130.401823627,
    12.155002464457));
#189 = CARTESIAN_POINT('',(-70.04693155231,-130.3614891083,
    12.097878005458));
#190 = CARTESIAN_POINT('',(-70.04195706146,-130.3229322397,
    12.039632714489));
#191 = CARTESIAN_POINT('',(-70.03722111829,-130.2862850972,
    11.980273606531));
#192 = CARTESIAN_POINT('',(-70.03274307588,-130.2516863058,
    11.919818940673));
#193 = CARTESIAN_POINT('',(-70.02854280402,-130.2192782535,
    11.858299749844));
#194 = CARTESIAN_POINT('',(-70.01880984559,-130.1442728302,
    11.702326959821));
#195 = CARTESIAN_POINT('',(-70.01364083984,-130.1045266008,
    11.606567260608));
#196 = CARTESIAN_POINT('',(-70.00920535524,-130.0704857649,
    11.508700171434));
#197 = CARTESIAN_POINT('',(-70.00557128757,-130.0426376264,
    11.409004349009));
#198 = CARTESIAN_POINT('',(-70.00279826173,-130.0214098411,
    11.307824894205));
#199 = CARTESIAN_POINT('',(-70.00093240582,-130.0071340573,
    11.205580759026));
#200 = CARTESIAN_POINT('',(-69.99999999999,-129.9999999999,
    11.102773874572));
#201 = CARTESIAN_POINT('',(-69.99999999999,-129.9999999999,11.));
#202 = CYLINDRICAL_SURFACE('',#203,207.37383212448);
#203 = AXIS2_PLACEMENT_3D('',#204,#205,#206);
#204 = CARTESIAN_POINT('',(135.62499999998,-156.8749999999,0.));
#205 = DIRECTION('',(-0.,-0.,-1.));
#206 = DIRECTION('',(1.,0.,0.));
#207 = ADVANCED_FACE('',(#208,#308,#319,#330),#356,.T.);
#208 = FACE_BOUND('',#209,.T.);
#209 = EDGE_LOOP('',(#210,#223,#232,#243,#251,#259,#268,#277,#285,#293,
    #299,#300,#301,#302));
#210 = ORIENTED_EDGE('',*,*,#211,.T.);
#211 = EDGE_CURVE('',#212,#214,#216,.T.);
#212 = VERTEX_POINT('',#213);
#213 = CARTESIAN_POINT('',(-94.32225873588,-131.1979917154,-1.E-15));
#214 = VERTEX_POINT('',#215);
#215 = CARTESIAN_POINT('',(-95.07156243438,-130.1080954267,0.));
#216 = ( BOUNDED_CURVE() B_SPLINE_CURVE(5,(#217,#218,#219,#220,#221,#222
),.UNSPECIFIED.,.F.,.F.) B_SPLINE_CURVE_WITH_KNOTS((6,6),(
135.02270299078,136.30594796903),.PIECEWISE_BEZIER_KNOTS.) CURVE() 
GEOMETRIC_REPRESENTATION_ITEM() RATIONAL_B_SPLINE_CURVE((1.,1.,1.,1.,1.,
1.)) REPRESENTATION_ITEM('') );
#217 = CARTESIAN_POINT('',(-94.32225873588,-131.1979917154,0.));
#218 = CARTESIAN_POINT('',(-94.46783766583,-130.9862405446,-6.7E-16));
#219 = CARTESIAN_POINT('',(-94.61341455142,-130.7744923474,-4.4E-16));
#220 = CARTESIAN_POINT('',(-94.76106348516,-130.5597302619,2.2E-16));
#221 = CARTESIAN_POINT('',(-94.91278335256,-130.3390468184,2.2E-16));
#222 = CARTESIAN_POINT('',(-95.07156243438,-130.1080954267,0.));
#223 = ORIENTED_EDGE('',*,*,#224,.T.);
#224 = EDGE_CURVE('',#214,#225,#227,.T.);
#225 = VERTEX_POINT('',#226);
#226 = CARTESIAN_POINT('',(-95.07156243437,130.10809542673,0.));
#227 = CIRCLE('',#228,218.00934559032);
#228 = AXIS2_PLACEMENT_3D('',#229,#230,#231);
#229 = CARTESIAN_POINT('',(-270.,5.4E-16,0.));
#230 = DIRECTION('',(-0.,0.,1.));
#231 = DIRECTION('',(0.794357832977,-0.607450107571,0.));
#232 = ORIENTED_EDGE('',*,*,#233,.F.);
#233 = EDGE_CURVE('',#234,#225,#236,.T.);
#234 = VERTEX_POINT('',#235);
#235 = CARTESIAN_POINT('',(-94.32225873588,131.19799171545,-1.E-15));
#236 = ( BOUNDED_CURVE() B_SPLINE_CURVE(5,(#237,#238,#239,#240,#241,#242
),.UNSPECIFIED.,.F.,.F.) B_SPLINE_CURVE_WITH_KNOTS((6,6),(
135.02270299078,136.30594796908),.PIECEWISE_BEZIER_KNOTS.) CURVE() 
GEOMETRIC_REPRESENTATION_ITEM() RATIONAL_B_SPLINE_CURVE((1.,1.,1.,1.,1.,
1.)) REPRESENTATION_ITEM('') );
#237 = CARTESIAN_POINT('',(-94.32225873588,131.19799171545,0.));
#238 = CARTESIAN_POINT('',(-94.46783766583,130.98624054461,-6.7E-16));
#239 = CARTESIAN_POINT('',(-94.61341455143,130.77449234738,2.89E-15));
#240 = CARTESIAN_POINT('',(-94.76106348509,130.55973026204,-2.89E-15));
#241 = CARTESIAN_POINT('',(-94.91278335252,130.3390468185,4.4E-16));
#242 = CARTESIAN_POINT('',(-95.07156243437,130.10809542673,0.));
#243 = ORIENTED_EDGE('',*,*,#244,.F.);
#244 = EDGE_CURVE('',#245,#234,#247,.T.);
#245 = VERTEX_POINT('',#246);
#246 = CARTESIAN_POINT('',(-56.7281683313,185.8803050312,-1.E-15));
#247 = LINE('',#248,#249);
#248 = CARTESIAN_POINT('',(-56.7281683313,185.8803050312,-8.9E-16));
#249 = VECTOR('',#250,1.);
#250 = DIRECTION('',(-0.566528822887,-0.824041924199,0.));
#251 = ORIENTED_EDGE('',*,*,#252,.F.);
#252 = EDGE_CURVE('',#253,#245,#255,.T.);
#253 = VERTEX_POINT('',#254);
#254 = CARTESIAN_POINT('',(-71.06205943924,140.01185348581,-1.E-15));
#255 = LINE('',#256,#257);
#256 = CARTESIAN_POINT('',(-73.81791991213,131.19309997254,-8.9E-16));
#257 = VECTOR('',#258,1.);
#258 = DIRECTION('',(0.298274993136,0.954479978035,0.));
#259 = ORIENTED_EDGE('',*,*,#260,.F.);
#260 = EDGE_CURVE('',#261,#253,#263,.T.);
#261 = VERTEX_POINT('',#262);
#262 = CARTESIAN_POINT('',(-69.99999999999,129.99999999999,0.));
#263 = CIRCLE('',#264,207.37383212448);
#264 = AXIS2_PLACEMENT_3D('',#265,#266,#267);
#265 = CARTESIAN_POINT('',(135.62499999998,156.87499999999,0.));
#266 = DIRECTION('',(0.,0.,-1.));
#267 = DIRECTION('',(0.,1.,0.));
#268 = ORIENTED_EDGE('',*,*,#269,.T.);
#269 = EDGE_CURVE('',#261,#270,#272,.T.);
#270 = VERTEX_POINT('',#271);
#271 = CARTESIAN_POINT('',(-15.62112598343,14.999999999997,0.));
#272 = CIRCLE('',#273,207.37383212448);
#273 = AXIS2_PLACEMENT_3D('',#274,#275,#276);
#274 = CARTESIAN_POINT('',(135.62499999998,156.87499999999,0.));
#275 = DIRECTION('',(0.,0.,1.));
#276 = DIRECTION('',(1.,0.,0.));
#277 = ORIENTED_EDGE('',*,*,#278,.F.);
#278 = EDGE_CURVE('',#279,#270,#281,.T.);
#279 = VERTEX_POINT('',#280);
#280 = CARTESIAN_POINT('',(38.,15.,0.));
#281 = LINE('',#282,#283);
#282 = CARTESIAN_POINT('',(13.,15.,0.));
#283 = VECTOR('',#284,1.);
#284 = DIRECTION('',(-1.,0.,0.));
#285 = ORIENTED_EDGE('',*,*,#286,.F.);
#286 = EDGE_CURVE('',#287,#279,#289,.T.);
#287 = VERTEX_POINT('',#288);
#288 = CARTESIAN_POINT('',(38.,-15.,0.));
#289 = LINE('',#290,#291);
#290 = CARTESIAN_POINT('',(38.,-15.,0.));
#291 = VECTOR('',#292,1.);
#292 = DIRECTION('',(0.,1.,0.));
#293 = ORIENTED_EDGE('',*,*,#294,.F.);
#294 = EDGE_CURVE('',#122,#287,#295,.T.);
#295 = LINE('',#296,#297);
#296 = CARTESIAN_POINT('',(10.,-15.,0.));
#297 = VECTOR('',#298,1.);
#298 = DIRECTION('',(1.,0.,0.));
#299 = ORIENTED_EDGE('',*,*,#121,.T.);
#300 = ORIENTED_EDGE('',*,*,#112,.T.);
#301 = ORIENTED_EDGE('',*,*,#89,.T.);
#302 = ORIENTED_EDGE('',*,*,#303,.T.);
#303 = EDGE_CURVE('',#81,#212,#304,.T.);
#304 = LINE('',#305,#306);
#305 = CARTESIAN_POINT('',(-56.7281683313,-185.8803050312,-8.9E-16));
#306 = VECTOR('',#307,1.);
#307 = DIRECTION('',(-0.566528822887,0.824041924199,0.));
#308 = FACE_BOUND('',#309,.T.);
#309 = EDGE_LOOP('',(#310));
#310 = ORIENTED_EDGE('',*,*,#311,.T.);
#311 = EDGE_CURVE('',#312,#312,#314,.T.);
#312 = VERTEX_POINT('',#313);
#313 = CARTESIAN_POINT('',(27.1,-7.,0.));
#314 = CIRCLE('',#315,2.1);
#315 = AXIS2_PLACEMENT_3D('',#316,#317,#318);
#316 = CARTESIAN_POINT('',(25.,-7.,0.));
#317 = DIRECTION('',(0.,0.,1.));
#318 = DIRECTION('',(1.,0.,0.));
#319 = FACE_BOUND('',#320,.T.);
#320 = EDGE_LOOP('',(#321));
#321 = ORIENTED_EDGE('',*,*,#322,.T.);
#322 = EDGE_CURVE('',#323,#323,#325,.T.);
#323 = VERTEX_POINT('',#324);
#324 = CARTESIAN_POINT('',(27.1,7.,0.));
#325 = CIRCLE('',#326,2.1);
#326 = AXIS2_PLACEMENT_3D('',#327,#328,#329);
#327 = CARTESIAN_POINT('',(25.,7.,0.));
#328 = DIRECTION('',(0.,0.,1.));
#329 = DIRECTION('',(1.,0.,0.));
#330 = FACE_BOUND('',#331,.T.);
#331 = EDGE_LOOP('',(#332,#342,#350));
#332 = ORIENTED_EDGE('',*,*,#333,.T.);
#333 = EDGE_CURVE('',#334,#336,#338,.T.);
#334 = VERTEX_POINT('',#335);
#335 = CARTESIAN_POINT('',(-42.,-20.,0.));
#336 = VERTEX_POINT('',#337);
#337 = CARTESIAN_POINT('',(-20.,1.E-15,0.));
#338 = LINE('',#339,#340);
#339 = CARTESIAN_POINT('',(-28.51310660293,-7.739187820852,-1.1E-16));
#340 = VECTOR('',#341,1.);
#341 = DIRECTION('',(0.739940073396,0.672672793996,0.));
#342 = ORIENTED_EDGE('',*,*,#343,.T.);
#343 = EDGE_CURVE('',#336,#344,#346,.T.);
#344 = VERTEX_POINT('',#345);
#345 = CARTESIAN_POINT('',(-42.,20.,0.));
#346 = LINE('',#347,#348);
#347 = CARTESIAN_POINT('',(-39.51310660293,17.739187820851,-1.78E-15));
#348 = VECTOR('',#349,1.);
#349 = DIRECTION('',(-0.739940073396,0.672672793996,0.));
#350 = ORIENTED_EDGE('',*,*,#351,.T.);
#351 = EDGE_CURVE('',#344,#334,#352,.T.);
#352 = LINE('',#353,#354);
#353 = CARTESIAN_POINT('',(-42.,-10.,-1.1E-16));
#354 = VECTOR('',#355,1.);
#355 = DIRECTION('',(0.,-1.,0.));
#356 = PLANE('',#357);
#357 = AXIS2_PLACEMENT_3D('',#358,#359,#360);
#358 = CARTESIAN_POINT('',(-51.09746378923,-2.17699E-12,-2.2E-16));
#359 = DIRECTION('',(-0.,-0.,-1.));
#360 = DIRECTION('',(-1.,0.,0.));
#361 = ADVANCED_FACE('',(#362),#380,.T.);
#362 = FACE_BOUND('',#363,.T.);
#363 = EDGE_LOOP('',(#364,#372,#373,#374));
#364 = ORIENTED_EDGE('',*,*,#365,.F.);
#365 = EDGE_CURVE('',#73,#366,#368,.T.);
#366 = VERTEX_POINT('',#367);
#367 = CARTESIAN_POINT('',(-52.91024841916,-184.6872050586,11.));
#368 = LINE('',#369,#370);
#369 = CARTESIAN_POINT('',(-52.91024841916,-184.6872050586,0.));
#370 = VECTOR('',#371,1.);
#371 = DIRECTION('',(0.,0.,1.));
#372 = ORIENTED_EDGE('',*,*,#72,.F.);
#373 = ORIENTED_EDGE('',*,*,#103,.T.);
#374 = ORIENTED_EDGE('',*,*,#375,.F.);
#375 = EDGE_CURVE('',#366,#104,#376,.T.);
#376 = LINE('',#377,#378);
#377 = CARTESIAN_POINT('',(-52.91024841916,-184.6872050586,11.));
#378 = VECTOR('',#379,1.);
#379 = DIRECTION('',(-0.298274993136,0.954479978035,0.));
#380 = PLANE('',#381);
#381 = AXIS2_PLACEMENT_3D('',#382,#383,#384);
#382 = CARTESIAN_POINT('',(-69.99999999999,-129.9999999999,0.));
#383 = DIRECTION('',(0.954479978035,0.298274993136,0.));
#384 = DIRECTION('',(0.298274993136,-0.954479978035,0.));
#385 = ADVANCED_FACE('',(#386),#405,.T.);
#386 = FACE_BOUND('',#387,.F.);
#387 = EDGE_LOOP('',(#388,#389,#398));
#388 = ORIENTED_EDGE('',*,*,#80,.F.);
#389 = ORIENTED_EDGE('',*,*,#390,.T.);
#390 = EDGE_CURVE('',#81,#391,#393,.T.);
#391 = VERTEX_POINT('',#392);
#392 = CARTESIAN_POINT('',(-60.0243360281,-188.1464203227,4.));
#393 = CIRCLE('',#394,4.);
#394 = AXIS2_PLACEMENT_3D('',#395,#396,#397);
#395 = CARTESIAN_POINT('',(-56.7281683313,-185.8803050312,4.));
#396 = DIRECTION('',(-0.566528822887,0.824041924199,0.));
#397 = DIRECTION('',(-0.824041924199,-0.566528822887,-0.));
#398 = ORIENTED_EDGE('',*,*,#399,.F.);
#399 = EDGE_CURVE('',#73,#391,#400,.T.);
#400 = CIRCLE('',#401,4.);
#401 = AXIS2_PLACEMENT_3D('',#402,#403,#404);
#402 = CARTESIAN_POINT('',(-56.7281683313,-185.8803050312,4.));
#403 = DIRECTION('',(0.,0.,-1.));
#404 = DIRECTION('',(0.954479978035,0.298274993136,0.));
#405 = SPHERICAL_SURFACE('',#406,4.);
#406 = AXIS2_PLACEMENT_3D('',#407,#408,#409);
#407 = CARTESIAN_POINT('',(-56.7281683313,-185.8803050312,4.));
#408 = DIRECTION('',(0.,0.,1.));
#409 = DIRECTION('',(0.954479978035,0.298274993136,0.));
#410 = ADVANCED_FACE('',(#411),#430,.T.);
#411 = FACE_BOUND('',#412,.T.);
#412 = EDGE_LOOP('',(#413,#422,#423,#424));
#413 = ORIENTED_EDGE('',*,*,#414,.T.);
#414 = EDGE_CURVE('',#415,#366,#417,.T.);
#415 = VERTEX_POINT('',#416);
#416 = CARTESIAN_POINT('',(-56.7281683313,-185.8803050312,15.));
#417 = CIRCLE('',#418,4.);
#418 = AXIS2_PLACEMENT_3D('',#419,#420,#421);
#419 = CARTESIAN_POINT('',(-56.7281683313,-185.8803050312,11.));
#420 = DIRECTION('',(-0.298274993136,0.954479978035,0.));
#421 = DIRECTION('',(0.954479978035,0.298274993136,0.));
#422 = ORIENTED_EDGE('',*,*,#375,.T.);
#423 = ORIENTED_EDGE('',*,*,#156,.F.);
#424 = ORIENTED_EDGE('',*,*,#425,.F.);
#425 = EDGE_CURVE('',#415,#148,#426,.T.);
#426 = LINE('',#427,#428);
#427 = CARTESIAN_POINT('',(-56.7281683313,-185.8803050312,15.));
#428 = VECTOR('',#429,1.);
#429 = DIRECTION('',(-0.298274993136,0.954479978035,0.));
#430 = CYLINDRICAL_SURFACE('',#431,4.);
#431 = AXIS2_PLACEMENT_3D('',#432,#433,#434);
#432 = CARTESIAN_POINT('',(-56.7281683313,-185.8803050312,11.));
#433 = DIRECTION('',(-0.298274993136,0.954479978035,0.));
#434 = DIRECTION('',(0.,0.,1.));
#435 = ADVANCED_FACE('',(#436,#536),#562,.T.);
#436 = FACE_BOUND('',#437,.T.);
#437 = EDGE_LOOP('',(#438,#449,#460,#466,#467,#468,#469,#477,#485,#493,
    #502,#511,#519,#527));
#438 = ORIENTED_EDGE('',*,*,#439,.F.);
#439 = EDGE_CURVE('',#440,#442,#444,.T.);
#440 = VERTEX_POINT('',#441);
#441 = CARTESIAN_POINT('',(-95.07156243438,-130.1080954267,15.));
#442 = VERTEX_POINT('',#443);
#443 = CARTESIAN_POINT('',(-95.07156243437,130.10809542673,15.));
#444 = CIRCLE('',#445,218.00934559032);
#445 = AXIS2_PLACEMENT_3D('',#446,#447,#448);
#446 = CARTESIAN_POINT('',(-270.,5.4E-16,15.));
#447 = DIRECTION('',(-0.,0.,1.));
#448 = DIRECTION('',(0.794357832977,-0.607450107571,0.));
#449 = ORIENTED_EDGE('',*,*,#450,.T.);
#450 = EDGE_CURVE('',#440,#451,#453,.T.);
#451 = VERTEX_POINT('',#452);
#452 = CARTESIAN_POINT('',(-94.32225873588,-131.1979917154,15.));
#453 = ( BOUNDED_CURVE() B_SPLINE_CURVE(5,(#454,#455,#456,#457,#458,#459
),.UNSPECIFIED.,.F.,.F.) B_SPLINE_CURVE_WITH_KNOTS((6,6),(
153.62699967148,154.91024922158),.PIECEWISE_BEZIER_KNOTS.) CURVE() 
GEOMETRIC_REPRESENTATION_ITEM() RATIONAL_B_SPLINE_CURVE((1.,1.,1.,1.,1.,
1.)) REPRESENTATION_ITEM('') );
#454 = CARTESIAN_POINT('',(-95.07156243438,-130.1080954267,15.));
#455 = CARTESIAN_POINT('',(-94.91278288394,-130.3390475001,15.));
#456 = CARTESIAN_POINT('',(-94.76106380898,-130.5597297909,15.));
#457 = CARTESIAN_POINT('',(-94.6134156782,-130.7744907084,15.));
#458 = CARTESIAN_POINT('',(-94.46783818449,-130.9862397902,15.));
#459 = CARTESIAN_POINT('',(-94.32225873588,-131.1979917154,15.));
#460 = ORIENTED_EDGE('',*,*,#461,.T.);
#461 = EDGE_CURVE('',#451,#415,#462,.T.);
#462 = LINE('',#463,#464);
#463 = CARTESIAN_POINT('',(-94.32225873588,-131.1979917154,15.));
#464 = VECTOR('',#465,1.);
#465 = DIRECTION('',(0.566528822887,-0.824041924199,0.));
#466 = ORIENTED_EDGE('',*,*,#425,.T.);
#467 = ORIENTED_EDGE('',*,*,#147,.F.);
#468 = ORIENTED_EDGE('',*,*,#138,.F.);
#469 = ORIENTED_EDGE('',*,*,#470,.T.);
#470 = EDGE_CURVE('',#131,#471,#473,.T.);
#471 = VERTEX_POINT('',#472);
#472 = CARTESIAN_POINT('',(13.,-15.,15.));
#473 = LINE('',#474,#475);
#474 = CARTESIAN_POINT('',(-17.,-15.,15.));
#475 = VECTOR('',#476,1.);
#476 = DIRECTION('',(1.,0.,0.));
#477 = ORIENTED_EDGE('',*,*,#478,.T.);
#478 = EDGE_CURVE('',#471,#479,#481,.T.);
#479 = VERTEX_POINT('',#480);
#480 = CARTESIAN_POINT('',(13.,15.,15.));
#481 = LINE('',#482,#483);
#482 = CARTESIAN_POINT('',(13.,-15.,15.));
#483 = VECTOR('',#484,1.);
#484 = DIRECTION('',(0.,1.,0.));
#485 = ORIENTED_EDGE('',*,*,#486,.T.);
#486 = EDGE_CURVE('',#479,#487,#489,.T.);
#487 = VERTEX_POINT('',#488);
#488 = CARTESIAN_POINT('',(-15.62112598343,14.999999999997,15.));
#489 = LINE('',#490,#491);
#490 = CARTESIAN_POINT('',(13.,15.,15.));
#491 = VECTOR('',#492,1.);
#492 = DIRECTION('',(-1.,0.,0.));
#493 = ORIENTED_EDGE('',*,*,#494,.F.);
#494 = EDGE_CURVE('',#495,#487,#497,.T.);
#495 = VERTEX_POINT('',#496);
#496 = CARTESIAN_POINT('',(-69.99999999999,129.99999999999,15.));
#497 = CIRCLE('',#498,207.37383212448);
#498 = AXIS2_PLACEMENT_3D('',#499,#500,#501);
#499 = CARTESIAN_POINT('',(135.62499999998,156.87499999999,15.));
#500 = DIRECTION('',(0.,0.,1.));
#501 = DIRECTION('',(1.,0.,0.));
#502 = ORIENTED_EDGE('',*,*,#503,.T.);
#503 = EDGE_CURVE('',#495,#504,#506,.T.);
#504 = VERTEX_POINT('',#505);
#505 = CARTESIAN_POINT('',(-71.06205943924,140.01185348581,15.));
#506 = CIRCLE('',#507,207.37383212448);
#507 = AXIS2_PLACEMENT_3D('',#508,#509,#510);
#508 = CARTESIAN_POINT('',(135.62499999998,156.87499999999,15.));
#509 = DIRECTION('',(0.,0.,-1.));
#510 = DIRECTION('',(0.,1.,0.));
#511 = ORIENTED_EDGE('',*,*,#512,.F.);
#512 = EDGE_CURVE('',#513,#504,#515,.T.);
#513 = VERTEX_POINT('',#514);
#514 = CARTESIAN_POINT('',(-56.7281683313,185.8803050312,15.));
#515 = LINE('',#516,#517);
#516 = CARTESIAN_POINT('',(-56.7281683313,185.8803050312,15.));
#517 = VECTOR('',#518,1.);
#518 = DIRECTION('',(-0.298274993136,-0.954479978035,0.));
#519 = ORIENTED_EDGE('',*,*,#520,.F.);
#520 = EDGE_CURVE('',#521,#513,#523,.T.);
#521 = VERTEX_POINT('',#522);
#522 = CARTESIAN_POINT('',(-94.32225873588,131.19799171545,15.));
#523 = LINE('',#524,#525);
#524 = CARTESIAN_POINT('',(-94.32225873588,131.19799171545,15.));
#525 = VECTOR('',#526,1.);
#526 = DIRECTION('',(0.566528822887,0.824041924199,0.));
#527 = ORIENTED_EDGE('',*,*,#528,.F.);
#528 = EDGE_CURVE('',#442,#521,#529,.T.);
#529 = ( BOUNDED_CURVE() B_SPLINE_CURVE(5,(#530,#531,#532,#533,#534,#535
),.UNSPECIFIED.,.F.,.F.) B_SPLINE_CURVE_WITH_KNOTS((6,6),(
153.62699967148,154.91024922158),.PIECEWISE_BEZIER_KNOTS.) CURVE() 
GEOMETRIC_REPRESENTATION_ITEM() RATIONAL_B_SPLINE_CURVE((1.,1.,1.,1.,1.,
1.)) REPRESENTATION_ITEM('') );
#530 = CARTESIAN_POINT('',(-95.07156243437,130.10809542673,15.));
#531 = CARTESIAN_POINT('',(-94.91278288394,130.33904750009,15.));
#532 = CARTESIAN_POINT('',(-94.76106380897,130.55972979096,15.));
#533 = CARTESIAN_POINT('',(-94.61341567822,130.77449070841,15.));
#534 = CARTESIAN_POINT('',(-94.46783818448,130.98623979021,15.));
#535 = CARTESIAN_POINT('',(-94.32225873588,131.19799171545,15.));
#536 = FACE_BOUND('',#537,.T.);
#537 = EDGE_LOOP('',(#538,#548,#556));
#538 = ORIENTED_EDGE('',*,*,#539,.T.);
#539 = EDGE_CURVE('',#540,#542,#544,.T.);
#540 = VERTEX_POINT('',#541);
#541 = CARTESIAN_POINT('',(-42.,-20.,15.));
#542 = VERTEX_POINT('',#543);
#543 = CARTESIAN_POINT('',(-42.,20.,15.));
#544 = LINE('',#545,#546);
#545 = CARTESIAN_POINT('',(-42.,-20.,15.));
#546 = VECTOR('',#547,1.);
#547 = DIRECTION('',(0.,1.,0.));
#548 = ORIENTED_EDGE('',*,*,#549,.T.);
#549 = EDGE_CURVE('',#542,#550,#552,.T.);
#550 = VERTEX_POINT('',#551);
#551 = CARTESIAN_POINT('',(-20.,1.E-15,15.));
#552 = LINE('',#553,#554);
#553 = CARTESIAN_POINT('',(-42.,20.,15.));
#554 = VECTOR('',#555,1.);
#555 = DIRECTION('',(0.739940073396,-0.672672793996,0.));
#556 = ORIENTED_EDGE('',*,*,#557,.T.);
#557 = EDGE_CURVE('',#550,#540,#558,.T.);
#558 = LINE('',#559,#560);
#559 = CARTESIAN_POINT('',(-20.,9.4E-16,15.));
#560 = VECTOR('',#561,1.);
#561 = DIRECTION('',(-0.739940073396,-0.672672793996,0.));
#562 = PLANE('',#563);
#563 = AXIS2_PLACEMENT_3D('',#564,#565,#566);
#564 = CARTESIAN_POINT('',(-57.24767942106,3.601E-13,15.));
#565 = DIRECTION('',(0.,0.,1.));
#566 = DIRECTION('',(1.,0.,0.));
#567 = ADVANCED_FACE('',(#568),#595,.T.);
#568 = FACE_BOUND('',#569,.T.);
#569 = EDGE_LOOP('',(#570,#571,#579,#587,#593,#594));
#570 = ORIENTED_EDGE('',*,*,#294,.T.);
#571 = ORIENTED_EDGE('',*,*,#572,.T.);
#572 = EDGE_CURVE('',#287,#573,#575,.T.);
#573 = VERTEX_POINT('',#574);
#574 = CARTESIAN_POINT('',(38.,-15.,10.));
#575 = LINE('',#576,#577);
#576 = CARTESIAN_POINT('',(38.,-15.,0.));
#577 = VECTOR('',#578,1.);
#578 = DIRECTION('',(0.,0.,1.));
#579 = ORIENTED_EDGE('',*,*,#580,.F.);
#580 = EDGE_CURVE('',#581,#573,#583,.T.);
#581 = VERTEX_POINT('',#582);
#582 = CARTESIAN_POINT('',(13.,-15.,10.));
#583 = LINE('',#584,#585);
#584 = CARTESIAN_POINT('',(10.,-15.,10.));
#585 = VECTOR('',#586,1.);
#586 = DIRECTION('',(1.,0.,0.));
#587 = ORIENTED_EDGE('',*,*,#588,.T.);
#588 = EDGE_CURVE('',#581,#471,#589,.T.);
#589 = LINE('',#590,#591);
#590 = CARTESIAN_POINT('',(13.,-15.,0.));
#591 = VECTOR('',#592,1.);
#592 = DIRECTION('',(0.,0.,1.));
#593 = ORIENTED_EDGE('',*,*,#470,.F.);
#594 = ORIENTED_EDGE('',*,*,#130,.T.);
#595 = PLANE('',#596);
#596 = AXIS2_PLACEMENT_3D('',#597,#598,#599);
#597 = CARTESIAN_POINT('',(10.278638779539,-15.,6.589201771258));
#598 = DIRECTION('',(-0.,-1.,-0.));
#599 = DIRECTION('',(0.,0.,-1.));
#600 = ADVANCED_FACE('',(#601),#630,.T.);
#601 = FACE_BOUND('',#602,.T.);
#602 = EDGE_LOOP('',(#603,#612,#623,#629));
#603 = ORIENTED_EDGE('',*,*,#604,.T.);
#604 = EDGE_CURVE('',#212,#605,#607,.T.);
#605 = VERTEX_POINT('',#606);
#606 = CARTESIAN_POINT('',(-97.61842643268,-133.464107007,4.));
#607 = CIRCLE('',#608,4.);
#608 = AXIS2_PLACEMENT_3D('',#609,#610,#611);
#609 = CARTESIAN_POINT('',(-94.32225873588,-131.1979917154,4.));
#610 = DIRECTION('',(-0.566528822887,0.824041924199,0.));
#611 = DIRECTION('',(0.,0.,-1.));
#612 = ORIENTED_EDGE('',*,*,#613,.T.);
#613 = EDGE_CURVE('',#605,#614,#616,.T.);
#614 = VERTEX_POINT('',#615);
#615 = CARTESIAN_POINT('',(-97.71457558234,-133.3242536984,
    3.830249009042));
#616 = ( BOUNDED_CURVE() B_SPLINE_CURVE(5,(#617,#618,#619,#620,#621,#622
),.UNSPECIFIED.,.F.,.F.) B_SPLINE_CURVE_WITH_KNOTS((6,6),(
135.02270299078,136.30594796903),.PIECEWISE_BEZIER_KNOTS.) CURVE() 
GEOMETRIC_REPRESENTATION_ITEM() RATIONAL_B_SPLINE_CURVE((1.,1.,1.,1.,1.,
1.)) REPRESENTATION_ITEM('') );
#617 = CARTESIAN_POINT('',(-97.61842643268,-133.464107007,4.));
#618 = CARTESIAN_POINT('',(-97.63194672857,-133.444441122,4.));
#619 = CARTESIAN_POINT('',(-97.64552052497,-133.4246974182,
    3.983018969968));
#620 = CARTESIAN_POINT('',(-97.66187779017,-133.4009050324,3.94909146798
    ));
#621 = CARTESIAN_POINT('',(-97.68365275876,-133.3692323508,
    3.898179838464));
#622 = CARTESIAN_POINT('',(-97.71457558234,-133.3242536984,
    3.830249009042));
#623 = ORIENTED_EDGE('',*,*,#624,.F.);
#624 = EDGE_CURVE('',#214,#614,#625,.T.);
#625 = ( BOUNDED_CURVE() B_SPLINE_CURVE(2,(#626,#627,#628),
.UNSPECIFIED.,.F.,.F.) B_SPLINE_CURVE_WITH_KNOTS((3,3),(0.,
1.283244978252),.PIECEWISE_BEZIER_KNOTS.) CURVE() 
GEOMETRIC_REPRESENTATION_ITEM() RATIONAL_B_SPLINE_CURVE((1.,
0.707106781187,1.)) REPRESENTATION_ITEM('') );
#626 = CARTESIAN_POINT('',(-95.07156243438,-130.1080954267,0.));
#627 = CARTESIAN_POINT('',(-98.36773013117,-132.3742107182,1.78E-15));
#628 = CARTESIAN_POINT('',(-97.71457558234,-133.3242536984,
    3.830249009042));
#629 = ORIENTED_EDGE('',*,*,#211,.F.);
#630 = ( BOUNDED_SURFACE() B_SPLINE_SURFACE(2,5,(
    (#631,#632,#633,#634,#635,#636)
    ,(#637,#638,#639,#640,#641,#642)
    ,(#643,#644,#645,#646,#647,#648
)),.UNSPECIFIED.,.F.,.F.,.F.) B_SPLINE_SURFACE_WITH_KNOTS((3,3),(6,6),(
    0.,1.283244978252),(135.02270299078,136.30594796903),
.PIECEWISE_BEZIER_KNOTS.) GEOMETRIC_REPRESENTATION_ITEM() 
RATIONAL_B_SPLINE_SURFACE((
    (1.,1.,1.,1.,1.,1.)
    ,(0.707106781187,0.707106781187,0.707106781186,0.707106781187
      ,0.707106781187,0.707106781187)
,(1.,1.,1.,1.,1.,1.))) REPRESENTATION_ITEM('') SURFACE() );
#631 = CARTESIAN_POINT('',(-94.32225873588,-131.1979917154,0.));
#632 = CARTESIAN_POINT('',(-94.46783766583,-130.9862405446,-6.7E-16));
#633 = CARTESIAN_POINT('',(-94.61341455142,-130.7744923474,-4.4E-16));
#634 = CARTESIAN_POINT('',(-94.76106348516,-130.5597302619,2.2E-16));
#635 = CARTESIAN_POINT('',(-94.91278335256,-130.3390468184,2.2E-16));
#636 = CARTESIAN_POINT('',(-95.07156243438,-130.1080954267,0.));
#637 = CARTESIAN_POINT('',(-97.61842643268,-133.464107007,8.9E-16));
#638 = CARTESIAN_POINT('',(-97.76400536264,-133.2523558361,-1.11E-15));
#639 = CARTESIAN_POINT('',(-97.90958224821,-133.0406076389,6.E-15));
#640 = CARTESIAN_POINT('',(-98.05723118194,-132.8258455535,-5.55E-15));
#641 = CARTESIAN_POINT('',(-98.20895104934,-132.60516211,4.E-15));
#642 = CARTESIAN_POINT('',(-98.36773013117,-132.3742107182,1.78E-15));
#643 = CARTESIAN_POINT('',(-97.61842643268,-133.464107007,4.));
#644 = CARTESIAN_POINT('',(-97.63194672857,-133.444441122,4.));
#645 = CARTESIAN_POINT('',(-97.64552052497,-133.4246974182,
    3.983018969968));
#646 = CARTESIAN_POINT('',(-97.66187779017,-133.4009050324,3.94909146798
    ));
#647 = CARTESIAN_POINT('',(-97.68365275876,-133.3692323508,
    3.898179838464));
#648 = CARTESIAN_POINT('',(-97.71457558234,-133.3242536984,
    3.830249009042));
#649 = ADVANCED_FACE('',(#650),#661,.T.);
#650 = FACE_BOUND('',#651,.T.);
#651 = EDGE_LOOP('',(#652,#653,#659,#660));
#652 = ORIENTED_EDGE('',*,*,#390,.T.);
#653 = ORIENTED_EDGE('',*,*,#654,.T.);
#654 = EDGE_CURVE('',#391,#605,#655,.T.);
#655 = LINE('',#656,#657);
#656 = CARTESIAN_POINT('',(-60.0243360281,-188.1464203227,4.));
#657 = VECTOR('',#658,1.);
#658 = DIRECTION('',(-0.566528822887,0.824041924199,0.));
#659 = ORIENTED_EDGE('',*,*,#604,.F.);
#660 = ORIENTED_EDGE('',*,*,#303,.F.);
#661 = CYLINDRICAL_SURFACE('',#662,4.);
#662 = AXIS2_PLACEMENT_3D('',#663,#664,#665);
#663 = CARTESIAN_POINT('',(-56.7281683313,-185.8803050312,4.));
#664 = DIRECTION('',(-0.566528822887,0.824041924199,0.));
#665 = DIRECTION('',(0.,0.,-1.));
#666 = ADVANCED_FACE('',(#667),#715,.T.);
#667 = FACE_BOUND('',#668,.T.);
#668 = EDGE_LOOP('',(#669,#680,#697,#698));
#669 = ORIENTED_EDGE('',*,*,#670,.T.);
#670 = EDGE_CURVE('',#671,#673,#675,.T.);
#671 = VERTEX_POINT('',#672);
#672 = CARTESIAN_POINT('',(-98.28112094375,-127.720893262,4.));
#673 = VERTEX_POINT('',#674);
#674 = CARTESIAN_POINT('',(-98.28112094375,127.72089326208,4.));
#675 = CIRCLE('',#676,214.00934559032);
#676 = AXIS2_PLACEMENT_3D('',#677,#678,#679);
#677 = CARTESIAN_POINT('',(-270.,5.4E-16,4.));
#678 = DIRECTION('',(-0.,0.,1.));
#679 = DIRECTION('',(0.794357832977,-0.607450107571,0.));
#680 = ORIENTED_EDGE('',*,*,#681,.F.);
#681 = EDGE_CURVE('',#225,#673,#682,.T.);
#682 = ( BOUNDED_CURVE() B_SPLINE_CURVE(13,(#683,#684,#685,#686,#687,
    #688,#689,#690,#691,#692,#693,#694,#695,#696),.UNSPECIFIED.,.F.,.F.)
 B_SPLINE_CURVE_WITH_KNOTS((14,14),(136.30594796908,141.46647610618),
.PIECEWISE_BEZIER_KNOTS.) CURVE() GEOMETRIC_REPRESENTATION_ITEM() 
RATIONAL_B_SPLINE_CURVE((1.,1.,1.000000000001,0.999999999997,
    1.000000000006,0.99999999999,1.000000000012,0.999999999988,
    1.000000000009,0.999999999994,1.000000000003,0.999999999999,1.,1.)) 
REPRESENTATION_ITEM('') );
#683 = CARTESIAN_POINT('',(-95.07156243437,130.10809542673,0.));
#684 = CARTESIAN_POINT('',(-95.44517236773,129.83889477907,-3.1752E-13)
  );
#685 = CARTESIAN_POINT('',(-95.8244731712,129.56320688629,
    5.744581076896E-02));
#686 = CARTESIAN_POINT('',(-96.20137659888,129.28668356449,
    0.175481524497));
#687 = CARTESIAN_POINT('',(-96.56799503734,129.01547752032,0.35682810559
    ));
#688 = CARTESIAN_POINT('',(-96.91387708621,128.75681548892,
    0.595060934264));
#689 = CARTESIAN_POINT('',(-97.23735598284,128.51486356189,
    0.899009644832));
#690 = CARTESIAN_POINT('',(-97.51940368116,128.30012707241,
    1.242740916223));
#691 = CARTESIAN_POINT('',(-97.77086186593,128.11070669705,
    1.644469908155));
#692 = CARTESIAN_POINT('',(-97.97053607682,127.95777419614,
    2.074924981877));
#693 = CARTESIAN_POINT('',(-98.12580745923,127.83960111632,
    2.537560471573));
#694 = CARTESIAN_POINT('',(-98.22927222453,127.76049242164,
    3.018460351235));
#695 = CARTESIAN_POINT('',(-98.28112094375,127.72089326208,3.50932659185
    ));
#696 = CARTESIAN_POINT('',(-98.28112094375,127.72089326208,4.));
#697 = ORIENTED_EDGE('',*,*,#224,.F.);
#698 = ORIENTED_EDGE('',*,*,#699,.T.);
#699 = EDGE_CURVE('',#214,#671,#700,.T.);
#700 = ( BOUNDED_CURVE() B_SPLINE_CURVE(13,(#701,#702,#703,#704,#705,
    #706,#707,#708,#709,#710,#711,#712,#713,#714),.UNSPECIFIED.,.F.,.F.)
 B_SPLINE_CURVE_WITH_KNOTS((14,14),(136.30594796903,141.46647610618),
.PIECEWISE_BEZIER_KNOTS.) CURVE() GEOMETRIC_REPRESENTATION_ITEM() 
RATIONAL_B_SPLINE_CURVE((1.,1.,0.999999999999,1.000000000001,
    0.999999999998,1.000000000003,0.999999999997,1.000000000003,
0.999999999998,1.000000000001,1.,1.,1.,1.)) REPRESENTATION_ITEM('') );
#701 = CARTESIAN_POINT('',(-95.07156243438,-130.1080954267,0.));
#702 = CARTESIAN_POINT('',(-95.44517236767,-129.8388947791,1.2212E-13));
#703 = CARTESIAN_POINT('',(-95.82447317107,-129.5632068863,
    5.7445810744E-02));
#704 = CARTESIAN_POINT('',(-96.20137659848,-129.2866835646,0.17548152452
    ));
#705 = CARTESIAN_POINT('',(-96.56799503779,-129.0154775202,
    0.356828104995));
#706 = CARTESIAN_POINT('',(-96.91387708647,-128.7568154886,
    0.595060935839));
#707 = CARTESIAN_POINT('',(-97.23735598138,-128.5148635627,
    0.899009642346));
#708 = CARTESIAN_POINT('',(-97.51940368309,-128.3001270714,
    1.242740918596));
#709 = CARTESIAN_POINT('',(-97.77086186444,-128.1107066977,
    1.644469906635));
#710 = CARTESIAN_POINT('',(-97.9705360775,-127.9577741958,2.074924982425
    ));
#711 = CARTESIAN_POINT('',(-98.12580745904,-127.8396011164,
    2.537560471414));
#712 = CARTESIAN_POINT('',(-98.22927222456,-127.7604924216,
    3.018460351256));
#713 = CARTESIAN_POINT('',(-98.28112094375,-127.720893262,3.509326591846
    ));
#714 = CARTESIAN_POINT('',(-98.28112094375,-127.720893262,4.));
#715 = TOROIDAL_SURFACE('',#716,218.00934559032,4.);
#716 = AXIS2_PLACEMENT_3D('',#717,#718,#719);
#717 = CARTESIAN_POINT('',(-270.,5.4E-16,4.));
#718 = DIRECTION('',(0.,0.,1.));
#719 = DIRECTION('',(0.794357832977,-0.607450107571,0.));
#720 = ADVANCED_FACE('',(#721),#750,.F.);
#721 = FACE_BOUND('',#722,.F.);
#722 = EDGE_LOOP('',(#723,#732,#743,#749));
#723 = ORIENTED_EDGE('',*,*,#724,.T.);
#724 = EDGE_CURVE('',#234,#725,#727,.T.);
#725 = VERTEX_POINT('',#726);
#726 = CARTESIAN_POINT('',(-97.61842643268,133.464107007,4.));
#727 = CIRCLE('',#728,4.);
#728 = AXIS2_PLACEMENT_3D('',#729,#730,#731);
#729 = CARTESIAN_POINT('',(-94.32225873588,131.19799171545,4.));
#730 = DIRECTION('',(0.566528822887,0.824041924199,0.));
#731 = DIRECTION('',(0.,0.,-1.));
#732 = ORIENTED_EDGE('',*,*,#733,.T.);
#733 = EDGE_CURVE('',#725,#734,#736,.T.);
#734 = VERTEX_POINT('',#735);
#735 = CARTESIAN_POINT('',(-97.71457558232,133.32425369842,
    3.830249009033));
#736 = ( BOUNDED_CURVE() B_SPLINE_CURVE(5,(#737,#738,#739,#740,#741,#742
),.UNSPECIFIED.,.F.,.F.) B_SPLINE_CURVE_WITH_KNOTS((6,6),(
135.02270299078,136.30594796908),.PIECEWISE_BEZIER_KNOTS.) CURVE() 
GEOMETRIC_REPRESENTATION_ITEM() RATIONAL_B_SPLINE_CURVE((1.,1.,1.,1.,1.,
1.)) REPRESENTATION_ITEM('') );
#737 = CARTESIAN_POINT('',(-97.61842643268,133.464107007,4.));
#738 = CARTESIAN_POINT('',(-97.63194672857,133.44444112207,4.));
#739 = CARTESIAN_POINT('',(-97.64552052498,133.4246974182,3.983018969964
    ));
#740 = CARTESIAN_POINT('',(-97.66187779015,133.4009050325,3.949091467989
    ));
#741 = CARTESIAN_POINT('',(-97.68365275873,133.36923235093,
    3.898179838466));
#742 = CARTESIAN_POINT('',(-97.71457558232,133.32425369842,
    3.830249009033));
#743 = ORIENTED_EDGE('',*,*,#744,.F.);
#744 = EDGE_CURVE('',#225,#734,#745,.T.);
#745 = ( BOUNDED_CURVE() B_SPLINE_CURVE(2,(#746,#747,#748),
.UNSPECIFIED.,.F.,.F.) B_SPLINE_CURVE_WITH_KNOTS((3,3),(0.,
1.283244978308),.PIECEWISE_BEZIER_KNOTS.) CURVE() 
GEOMETRIC_REPRESENTATION_ITEM() RATIONAL_B_SPLINE_CURVE((1.,
0.707106781186,1.)) REPRESENTATION_ITEM('') );
#746 = CARTESIAN_POINT('',(-95.07156243437,130.10809542673,0.));
#747 = CARTESIAN_POINT('',(-98.36773013119,132.37421071826,-1.55E-15));
#748 = CARTESIAN_POINT('',(-97.71457558232,133.32425369842,
    3.830249009033));
#749 = ORIENTED_EDGE('',*,*,#233,.F.);
#750 = ( BOUNDED_SURFACE() B_SPLINE_SURFACE(2,5,(
    (#751,#752,#753,#754,#755,#756)
    ,(#757,#758,#759,#760,#761,#762)
    ,(#763,#764,#765,#766,#767,#768
)),.UNSPECIFIED.,.F.,.F.,.F.) B_SPLINE_SURFACE_WITH_KNOTS((3,3),(6,6),(
    0.,1.283244978308),(135.02270299078,136.30594796908),
.PIECEWISE_BEZIER_KNOTS.) GEOMETRIC_REPRESENTATION_ITEM() 
RATIONAL_B_SPLINE_SURFACE((
    (1.,1.,1.,1.,1.,1.)
    ,(0.707106781187,0.707106781187,0.707106781187,0.707106781185
      ,0.707106781185,0.707106781186)
,(1.,1.,1.,1.,1.,1.))) REPRESENTATION_ITEM('') SURFACE() );
#751 = CARTESIAN_POINT('',(-94.32225873588,131.19799171545,0.));
#752 = CARTESIAN_POINT('',(-94.46783766583,130.98624054461,-6.7E-16));
#753 = CARTESIAN_POINT('',(-94.61341455143,130.77449234738,2.89E-15));
#754 = CARTESIAN_POINT('',(-94.76106348509,130.55973026204,-2.89E-15));
#755 = CARTESIAN_POINT('',(-94.91278335252,130.3390468185,4.4E-16));
#756 = CARTESIAN_POINT('',(-95.07156243437,130.10809542673,0.));
#757 = CARTESIAN_POINT('',(-97.61842643268,133.464107007,8.9E-16));
#758 = CARTESIAN_POINT('',(-97.76400536264,133.25235583614,6.7E-16));
#759 = CARTESIAN_POINT('',(-97.90958224822,133.04060763894,-3.33E-15));
#760 = CARTESIAN_POINT('',(-98.05723118195,132.82584555351,6.22E-15));
#761 = CARTESIAN_POINT('',(-98.20895104936,132.60516211001,-2.E-15));
#762 = CARTESIAN_POINT('',(-98.36773013119,132.37421071826,-1.55E-15));
#763 = CARTESIAN_POINT('',(-97.61842643268,133.464107007,4.));
#764 = CARTESIAN_POINT('',(-97.63194672857,133.44444112207,4.));
#765 = CARTESIAN_POINT('',(-97.64552052498,133.4246974182,3.983018969964
    ));
#766 = CARTESIAN_POINT('',(-97.66187779015,133.4009050325,3.949091467989
    ));
#767 = CARTESIAN_POINT('',(-97.68365275873,133.36923235093,
    3.898179838466));
#768 = CARTESIAN_POINT('',(-97.71457558232,133.32425369842,
    3.830249009033));
#769 = ADVANCED_FACE('',(#770),#789,.T.);
#770 = FACE_BOUND('',#771,.F.);
#771 = EDGE_LOOP('',(#772,#781,#787,#788));
#772 = ORIENTED_EDGE('',*,*,#773,.T.);
#773 = EDGE_CURVE('',#245,#774,#776,.T.);
#774 = VERTEX_POINT('',#775);
#775 = CARTESIAN_POINT('',(-60.0243360281,188.14642032275,4.));
#776 = CIRCLE('',#777,4.);
#777 = AXIS2_PLACEMENT_3D('',#778,#779,#780);
#778 = CARTESIAN_POINT('',(-56.7281683313,185.8803050312,4.));
#779 = DIRECTION('',(0.566528822887,0.824041924199,-0.));
#780 = DIRECTION('',(-0.824041924199,0.566528822887,0.));
#781 = ORIENTED_EDGE('',*,*,#782,.T.);
#782 = EDGE_CURVE('',#774,#725,#783,.T.);
#783 = LINE('',#784,#785);
#784 = CARTESIAN_POINT('',(-60.0243360281,188.14642032275,4.));
#785 = VECTOR('',#786,1.);
#786 = DIRECTION('',(-0.566528822887,-0.824041924199,0.));
#787 = ORIENTED_EDGE('',*,*,#724,.F.);
#788 = ORIENTED_EDGE('',*,*,#244,.F.);
#789 = CYLINDRICAL_SURFACE('',#790,4.);
#790 = AXIS2_PLACEMENT_3D('',#791,#792,#793);
#791 = CARTESIAN_POINT('',(-56.7281683313,185.8803050312,4.));
#792 = DIRECTION('',(-0.566528822887,-0.824041924199,0.));
#793 = DIRECTION('',(0.,0.,-1.));
#794 = ADVANCED_FACE('',(#795),#862,.T.);
#795 = FACE_BOUND('',#796,.F.);
#796 = EDGE_LOOP('',(#797,#846,#854,#861));
#797 = ORIENTED_EDGE('',*,*,#798,.T.);
#798 = EDGE_CURVE('',#253,#799,#801,.T.);
#799 = VERTEX_POINT('',#800);
#800 = CARTESIAN_POINT('',(-69.99999999999,129.99999999999,4.));
#801 = B_SPLINE_CURVE_WITH_KNOTS('',8,(#802,#803,#804,#805,#806,#807,
    #808,#809,#810,#811,#812,#813,#814,#815,#816,#817,#818,#819,#820,
    #821,#822,#823,#824,#825,#826,#827,#828,#829,#830,#831,#832,#833,
    #834,#835,#836,#837,#838,#839,#840,#841,#842,#843,#844,#845),
  .UNSPECIFIED.,.F.,.F.,(9,7,7,7,7,7,9),(0.,0.361360289674,
    0.660006409167,0.778487610209,0.876591850917,0.926073210027,1.),
  .UNSPECIFIED.);
#802 = CARTESIAN_POINT('',(-71.06205943924,140.01185348581,-8.9E-16));
#803 = CARTESIAN_POINT('',(-71.01913865682,139.48578497896,-4.8E-16));
#804 = CARTESIAN_POINT('',(-70.97467261933,138.95965747494,
    1.118725378163E-02));
#805 = CARTESIAN_POINT('',(-70.92867625778,138.43367690219,
    3.385905036785E-02));
#806 = CARTESIAN_POINT('',(-70.88117626263,137.90815339466,
    6.846014523107E-02));
#807 = CARTESIAN_POINT('',(-70.83221435507,137.38350667928,
    0.115602693454));
#808 = CARTESIAN_POINT('',(-70.78185010476,136.8602676535,0.176072791885
    ));
#809 = CARTESIAN_POINT('',(-70.73016468014,136.33908710667,
    0.250900643955));
#810 = CARTESIAN_POINT('',(-70.63354957332,135.39239333103,
    0.416506151685));
#811 = CARTESIAN_POINT('',(-70.58904325183,134.96635758783,
    0.502195827123));
#812 = CARTESIAN_POINT('',(-70.54378025424,134.54278900071,
    0.599496538964));
#813 = CARTESIAN_POINT('',(-70.49783710865,134.12223579344,
    0.709479698806));
#814 = CARTESIAN_POINT('',(-70.45134036379,133.70564289465,
    0.833394740038));
#815 = CARTESIAN_POINT('',(-70.40448694109,133.2944486918,0.972894639496
    ));
#816 = CARTESIAN_POINT('',(-70.35754662461,132.89054626373,
    1.129943787896));
#817 = CARTESIAN_POINT('',(-70.29242806529,132.34045650484,1.37856992735
    ));
#818 = CARTESIAN_POINT('',(-70.2739900411,132.18586162171,1.452457366404
    ));
#819 = CARTESIAN_POINT('',(-70.25563543872,132.03308946701,
    1.529819452345));
#820 = CARTESIAN_POINT('',(-70.23739839271,131.88237929645,
    1.610880733193));
#821 = CARTESIAN_POINT('',(-70.21932239765,131.73403893453,
    1.695881838057));
#822 = CARTESIAN_POINT('',(-70.20146130306,131.58844924217,
    1.785086261362));
#823 = CARTESIAN_POINT('',(-70.18388096291,131.44607409323,
    1.878795209012));
#824 = CARTESIAN_POINT('',(-70.15240359511,131.19271440987,
    2.058992355579));
#825 = CARTESIAN_POINT('',(-70.1383996721,131.08059538214,2.143913341608
    ));
#826 = CARTESIAN_POINT('',(-70.12469159465,130.97140728949,
    2.232353229623));
#827 = CARTESIAN_POINT('',(-70.11133617827,130.86555271736,
    2.324520926942));
#828 = CARTESIAN_POINT('',(-70.09840537177,130.76354455624,
    2.420610671278));
#829 = CARTESIAN_POINT('',(-70.08598634512,130.6660038009,2.5207995639)
  );
#830 = CARTESIAN_POINT('',(-70.07418152391,130.57365891651,
    2.625246447863));
#831 = CARTESIAN_POINT('',(-70.05752364517,130.44381305491,
    2.788991209127));
#832 = CARTESIAN_POINT('',(-70.05212613728,130.40182362707,
    2.844997535543));
#833 = CARTESIAN_POINT('',(-70.04693155231,130.36148910832,
    2.902121994542));
#834 = CARTESIAN_POINT('',(-70.04195706146,130.32293223971,
    2.960367285511));
#835 = CARTESIAN_POINT('',(-70.03722111829,130.28628509723,
    3.019726393469));
#836 = CARTESIAN_POINT('',(-70.03274307588,130.25168630585,
    3.080181059327));
#837 = CARTESIAN_POINT('',(-70.02854280402,130.21927825354,
    3.141700250156));
#838 = CARTESIAN_POINT('',(-70.01880984559,130.14427283027,
    3.297673040179));
#839 = CARTESIAN_POINT('',(-70.01364083984,130.10452660081,
    3.393432739392));
#840 = CARTESIAN_POINT('',(-70.00920535524,130.07048576491,
    3.491299828566));
#841 = CARTESIAN_POINT('',(-70.00557128757,130.04263762641,
    3.590995650991));
#842 = CARTESIAN_POINT('',(-70.00279826173,130.02140984116,
    3.692175105795));
#843 = CARTESIAN_POINT('',(-70.00093240582,130.00713405733,
    3.794419240974));
#844 = CARTESIAN_POINT('',(-69.99999999999,129.99999999999,
    3.897226125428));
#845 = CARTESIAN_POINT('',(-69.99999999999,129.99999999999,4.));
#846 = ORIENTED_EDGE('',*,*,#847,.T.);
#847 = EDGE_CURVE('',#799,#848,#850,.T.);
#848 = VERTEX_POINT('',#849);
#849 = CARTESIAN_POINT('',(-52.91024841916,184.68720505866,4.));
#850 = LINE('',#851,#852);
#851 = CARTESIAN_POINT('',(-69.99999999999,129.99999999999,4.));
#852 = VECTOR('',#853,1.);
#853 = DIRECTION('',(0.298274993136,0.954479978035,0.));
#854 = ORIENTED_EDGE('',*,*,#855,.F.);
#855 = EDGE_CURVE('',#245,#848,#856,.T.);
#856 = CIRCLE('',#857,4.);
#857 = AXIS2_PLACEMENT_3D('',#858,#859,#860);
#858 = CARTESIAN_POINT('',(-56.7281683313,185.8803050312,4.));
#859 = DIRECTION('',(-0.298274993136,-0.954479978035,-0.));
#860 = DIRECTION('',(0.,0.,-1.));
#861 = ORIENTED_EDGE('',*,*,#252,.F.);
#862 = CYLINDRICAL_SURFACE('',#863,4.);
#863 = AXIS2_PLACEMENT_3D('',#864,#865,#866);
#864 = CARTESIAN_POINT('',(-73.81791991213,131.19309997254,4.));
#865 = DIRECTION('',(0.298274993136,0.954479978035,0.));
#866 = DIRECTION('',(0.,0.,-1.));
#867 = ADVANCED_FACE('',(#868),#936,.F.);
#868 = FACE_BOUND('',#869,.T.);
#869 = EDGE_LOOP('',(#870,#878,#925,#926,#927,#933,#934,#935));
#870 = ORIENTED_EDGE('',*,*,#871,.T.);
#871 = EDGE_CURVE('',#799,#872,#874,.T.);
#872 = VERTEX_POINT('',#873);
#873 = CARTESIAN_POINT('',(-69.99999999999,129.99999999999,11.));
#874 = LINE('',#875,#876);
#875 = CARTESIAN_POINT('',(-69.99999999999,129.99999999999,0.));
#876 = VECTOR('',#877,1.);
#877 = DIRECTION('',(0.,0.,1.));
#878 = ORIENTED_EDGE('',*,*,#879,.F.);
#879 = EDGE_CURVE('',#504,#872,#880,.T.);
#880 = B_SPLINE_CURVE_WITH_KNOTS('',8,(#881,#882,#883,#884,#885,#886,
    #887,#888,#889,#890,#891,#892,#893,#894,#895,#896,#897,#898,#899,
    #900,#901,#902,#903,#904,#905,#906,#907,#908,#909,#910,#911,#912,
    #913,#914,#915,#916,#917,#918,#919,#920,#921,#922,#923,#924),
  .UNSPECIFIED.,.F.,.F.,(9,7,7,7,7,7,9),(0.,0.361360289673,
    0.660006409166,0.778487610209,0.876591850917,0.926073210027,1.),
  .UNSPECIFIED.);
#881 = CARTESIAN_POINT('',(-71.06205943924,140.01185348581,15.));
#882 = CARTESIAN_POINT('',(-71.01913865682,139.48578497896,15.));
#883 = CARTESIAN_POINT('',(-70.97467261933,138.95965747494,
    14.988812746218));
#884 = CARTESIAN_POINT('',(-70.92867625778,138.43367690219,
    14.966140949632));
#885 = CARTESIAN_POINT('',(-70.88117626263,137.90815339466,
    14.931539854769));
#886 = CARTESIAN_POINT('',(-70.83221435507,137.38350667928,
    14.884397306546));
#887 = CARTESIAN_POINT('',(-70.78185010476,136.8602676535,
    14.823927208115));
#888 = CARTESIAN_POINT('',(-70.73016468014,136.33908710667,
    14.749099356045));
#889 = CARTESIAN_POINT('',(-70.63354957332,135.39239333103,
    14.583493848315));
#890 = CARTESIAN_POINT('',(-70.58904325183,134.96635758784,
    14.497804172878));
#891 = CARTESIAN_POINT('',(-70.54378025424,134.54278900071,
    14.400503461034));
#892 = CARTESIAN_POINT('',(-70.49783710865,134.12223579345,
    14.290520301196));
#893 = CARTESIAN_POINT('',(-70.45134036379,133.70564289464,
    14.166605259959));
#894 = CARTESIAN_POINT('',(-70.40448694109,133.2944486918,
    14.027105360505));
#895 = CARTESIAN_POINT('',(-70.35754662461,132.89054626373,
    13.870056212103));
#896 = CARTESIAN_POINT('',(-70.29242806529,132.34045650484,
    13.62143007265));
#897 = CARTESIAN_POINT('',(-70.2739900411,132.18586162171,
    13.547542633596));
#898 = CARTESIAN_POINT('',(-70.25563543872,132.03308946701,
    13.470180547654));
#899 = CARTESIAN_POINT('',(-70.23739839271,131.88237929645,
    13.389119266807));
#900 = CARTESIAN_POINT('',(-70.21932239765,131.73403893453,
    13.304118161943));
#901 = CARTESIAN_POINT('',(-70.20146130306,131.58844924217,
    13.214913738638));
#902 = CARTESIAN_POINT('',(-70.18388096291,131.44607409323,
    13.121204790988));
#903 = CARTESIAN_POINT('',(-70.15240359511,131.19271440987,
    12.941007644421));
#904 = CARTESIAN_POINT('',(-70.1383996721,131.08059538214,
    12.856086658392));
#905 = CARTESIAN_POINT('',(-70.12469159465,130.97140728949,
    12.767646770377));
#906 = CARTESIAN_POINT('',(-70.11133617827,130.86555271737,
    12.675479073058));
#907 = CARTESIAN_POINT('',(-70.09840537177,130.76354455624,
    12.579389328722));
#908 = CARTESIAN_POINT('',(-70.08598634512,130.6660038009,12.4792004361)
  );
#909 = CARTESIAN_POINT('',(-70.07418152391,130.57365891651,
    12.374753552137));
#910 = CARTESIAN_POINT('',(-70.05752364517,130.44381305491,
    12.211008790873));
#911 = CARTESIAN_POINT('',(-70.05212613728,130.40182362707,
    12.155002464457));
#912 = CARTESIAN_POINT('',(-70.04693155231,130.36148910832,
    12.097878005458));
#913 = CARTESIAN_POINT('',(-70.04195706146,130.32293223971,
    12.039632714489));
#914 = CARTESIAN_POINT('',(-70.03722111829,130.28628509723,
    11.980273606531));
#915 = CARTESIAN_POINT('',(-70.03274307588,130.25168630585,
    11.919818940673));
#916 = CARTESIAN_POINT('',(-70.02854280402,130.21927825354,
    11.858299749844));
#917 = CARTESIAN_POINT('',(-70.01880984559,130.14427283027,
    11.702326959821));
#918 = CARTESIAN_POINT('',(-70.01364083984,130.10452660081,
    11.606567260608));
#919 = CARTESIAN_POINT('',(-70.00920535524,130.07048576491,
    11.508700171434));
#920 = CARTESIAN_POINT('',(-70.00557128757,130.04263762641,
    11.409004349009));
#921 = CARTESIAN_POINT('',(-70.00279826173,130.02140984116,
    11.307824894205));
#922 = CARTESIAN_POINT('',(-70.00093240582,130.00713405733,
    11.205580759026));
#923 = CARTESIAN_POINT('',(-69.99999999999,129.99999999999,
    11.102773874572));
#924 = CARTESIAN_POINT('',(-69.99999999999,129.99999999999,11.));
#925 = ORIENTED_EDGE('',*,*,#503,.F.);
#926 = ORIENTED_EDGE('',*,*,#494,.T.);
#927 = ORIENTED_EDGE('',*,*,#928,.T.);
#928 = EDGE_CURVE('',#487,#270,#929,.T.);
#929 = LINE('',#930,#931);
#930 = CARTESIAN_POINT('',(-15.62112598344,15.,0.));
#931 = VECTOR('',#932,1.);
#932 = DIRECTION('',(-0.,-0.,-1.));
#933 = ORIENTED_EDGE('',*,*,#269,.F.);
#934 = ORIENTED_EDGE('',*,*,#260,.T.);
#935 = ORIENTED_EDGE('',*,*,#798,.T.);
#936 = CYLINDRICAL_SURFACE('',#937,207.37383212448);
#937 = AXIS2_PLACEMENT_3D('',#938,#939,#940);
#938 = CARTESIAN_POINT('',(135.62499999998,156.87499999999,0.));
#939 = DIRECTION('',(-0.,-0.,-1.));
#940 = DIRECTION('',(1.,0.,0.));
#941 = ADVANCED_FACE('',(#942),#960,.F.);
#942 = FACE_BOUND('',#943,.F.);
#943 = EDGE_LOOP('',(#944,#945,#953,#959));
#944 = ORIENTED_EDGE('',*,*,#572,.T.);
#945 = ORIENTED_EDGE('',*,*,#946,.T.);
#946 = EDGE_CURVE('',#573,#947,#949,.T.);
#947 = VERTEX_POINT('',#948);
#948 = CARTESIAN_POINT('',(38.,15.,10.));
#949 = LINE('',#950,#951);
#950 = CARTESIAN_POINT('',(38.,-15.,10.));
#951 = VECTOR('',#952,1.);
#952 = DIRECTION('',(0.,1.,0.));
#953 = ORIENTED_EDGE('',*,*,#954,.F.);
#954 = EDGE_CURVE('',#279,#947,#955,.T.);
#955 = LINE('',#956,#957);
#956 = CARTESIAN_POINT('',(38.,15.,0.));
#957 = VECTOR('',#958,1.);
#958 = DIRECTION('',(0.,0.,1.));
#959 = ORIENTED_EDGE('',*,*,#286,.F.);
#960 = PLANE('',#961);
#961 = AXIS2_PLACEMENT_3D('',#962,#963,#964);
#962 = CARTESIAN_POINT('',(38.,-15.,0.));
#963 = DIRECTION('',(-1.,0.,0.));
#964 = DIRECTION('',(0.,1.,0.));
#965 = ADVANCED_FACE('',(#966),#986,.T.);
#966 = FACE_BOUND('',#967,.T.);
#967 = EDGE_LOOP('',(#968,#969,#970,#971,#979,#985));
#968 = ORIENTED_EDGE('',*,*,#278,.T.);
#969 = ORIENTED_EDGE('',*,*,#928,.F.);
#970 = ORIENTED_EDGE('',*,*,#486,.F.);
#971 = ORIENTED_EDGE('',*,*,#972,.F.);
#972 = EDGE_CURVE('',#973,#479,#975,.T.);
#973 = VERTEX_POINT('',#974);
#974 = CARTESIAN_POINT('',(13.,15.,10.));
#975 = LINE('',#976,#977);
#976 = CARTESIAN_POINT('',(13.,15.,0.));
#977 = VECTOR('',#978,1.);
#978 = DIRECTION('',(0.,0.,1.));
#979 = ORIENTED_EDGE('',*,*,#980,.F.);
#980 = EDGE_CURVE('',#947,#973,#981,.T.);
#981 = LINE('',#982,#983);
#982 = CARTESIAN_POINT('',(38.,15.,10.));
#983 = VECTOR('',#984,1.);
#984 = DIRECTION('',(-1.,0.,0.));
#985 = ORIENTED_EDGE('',*,*,#954,.F.);
#986 = PLANE('',#987);
#987 = AXIS2_PLACEMENT_3D('',#988,#989,#990);
#988 = CARTESIAN_POINT('',(10.278638779539,15.,6.589201771258));
#989 = DIRECTION('',(0.,1.,0.));
#990 = DIRECTION('',(0.,0.,1.));
#991 = ADVANCED_FACE('',(#992),#1011,.F.);
#992 = FACE_BOUND('',#993,.F.);
#993 = EDGE_LOOP('',(#994,#1003,#1009,#1010));
#994 = ORIENTED_EDGE('',*,*,#995,.F.);
#995 = EDGE_CURVE('',#996,#996,#998,.T.);
#996 = VERTEX_POINT('',#997);
#997 = CARTESIAN_POINT('',(27.1,-7.,10.));
#998 = CIRCLE('',#999,2.1);
#999 = AXIS2_PLACEMENT_3D('',#1000,#1001,#1002);
#1000 = CARTESIAN_POINT('',(25.,-7.,10.));
#1001 = DIRECTION('',(0.,0.,1.));
#1002 = DIRECTION('',(1.,0.,0.));
#1003 = ORIENTED_EDGE('',*,*,#1004,.T.);
#1004 = EDGE_CURVE('',#996,#312,#1005,.T.);
#1005 = LINE('',#1006,#1007);
#1006 = CARTESIAN_POINT('',(27.1,-7.,10.));
#1007 = VECTOR('',#1008,1.);
#1008 = DIRECTION('',(-0.,-0.,-1.));
#1009 = ORIENTED_EDGE('',*,*,#311,.T.);
#1010 = ORIENTED_EDGE('',*,*,#1004,.F.);
#1011 = CYLINDRICAL_SURFACE('',#1012,2.1);
#1012 = AXIS2_PLACEMENT_3D('',#1013,#1014,#1015);
#1013 = CARTESIAN_POINT('',(25.,-7.,10.));
#1014 = DIRECTION('',(0.,0.,1.));
#1015 = DIRECTION('',(1.,0.,0.));
#1016 = ADVANCED_FACE('',(#1017),#1036,.F.);
#1017 = FACE_BOUND('',#1018,.F.);
#1018 = EDGE_LOOP('',(#1019,#1028,#1034,#1035));
#1019 = ORIENTED_EDGE('',*,*,#1020,.F.);
#1020 = EDGE_CURVE('',#1021,#1021,#1023,.T.);
#1021 = VERTEX_POINT('',#1022);
#1022 = CARTESIAN_POINT('',(27.1,7.,10.));
#1023 = CIRCLE('',#1024,2.1);
#1024 = AXIS2_PLACEMENT_3D('',#1025,#1026,#1027);
#1025 = CARTESIAN_POINT('',(25.,7.,10.));
#1026 = DIRECTION('',(0.,0.,1.));
#1027 = DIRECTION('',(1.,0.,0.));
#1028 = ORIENTED_EDGE('',*,*,#1029,.T.);
#1029 = EDGE_CURVE('',#1021,#323,#1030,.T.);
#1030 = LINE('',#1031,#1032);
#1031 = CARTESIAN_POINT('',(27.1,7.,10.));
#1032 = VECTOR('',#1033,1.);
#1033 = DIRECTION('',(-0.,-0.,-1.));
#1034 = ORIENTED_EDGE('',*,*,#322,.T.);
#1035 = ORIENTED_EDGE('',*,*,#1029,.F.);
#1036 = CYLINDRICAL_SURFACE('',#1037,2.1);
#1037 = AXIS2_PLACEMENT_3D('',#1038,#1039,#1040);
#1038 = CARTESIAN_POINT('',(25.,7.,10.));
#1039 = DIRECTION('',(0.,0.,1.));
#1040 = DIRECTION('',(1.,0.,0.));
#1041 = ADVANCED_FACE('',(#1042),#1058,.T.);
#1042 = FACE_BOUND('',#1043,.T.);
#1043 = EDGE_LOOP('',(#1044,#1045,#1051,#1052));
#1044 = ORIENTED_EDGE('',*,*,#557,.F.);
#1045 = ORIENTED_EDGE('',*,*,#1046,.T.);
#1046 = EDGE_CURVE('',#550,#336,#1047,.T.);
#1047 = LINE('',#1048,#1049);
#1048 = CARTESIAN_POINT('',(-20.,9.4E-16,15.));
#1049 = VECTOR('',#1050,1.);
#1050 = DIRECTION('',(-0.,-0.,-1.));
#1051 = ORIENTED_EDGE('',*,*,#333,.F.);
#1052 = ORIENTED_EDGE('',*,*,#1053,.F.);
#1053 = EDGE_CURVE('',#540,#334,#1054,.T.);
#1054 = LINE('',#1055,#1056);
#1055 = CARTESIAN_POINT('',(-42.,-20.,15.));
#1056 = VECTOR('',#1057,1.);
#1057 = DIRECTION('',(-0.,-0.,-1.));
#1058 = PLANE('',#1059);
#1059 = AXIS2_PLACEMENT_3D('',#1060,#1061,#1062);
#1060 = CARTESIAN_POINT('',(-20.,9.4E-16,15.));
#1061 = DIRECTION('',(-0.672672793996,0.739940073396,0.));
#1062 = DIRECTION('',(-0.739940073396,-0.672672793996,0.));
#1063 = ADVANCED_FACE('',(#1064),#1075,.T.);
#1064 = FACE_BOUND('',#1065,.T.);
#1065 = EDGE_LOOP('',(#1066,#1067,#1068,#1069));
#1066 = ORIENTED_EDGE('',*,*,#539,.F.);
#1067 = ORIENTED_EDGE('',*,*,#1053,.T.);
#1068 = ORIENTED_EDGE('',*,*,#351,.F.);
#1069 = ORIENTED_EDGE('',*,*,#1070,.F.);
#1070 = EDGE_CURVE('',#542,#344,#1071,.T.);
#1071 = LINE('',#1072,#1073);
#1072 = CARTESIAN_POINT('',(-42.,20.,15.));
#1073 = VECTOR('',#1074,1.);
#1074 = DIRECTION('',(-0.,-0.,-1.));
#1075 = PLANE('',#1076);
#1076 = AXIS2_PLACEMENT_3D('',#1077,#1078,#1079);
#1077 = CARTESIAN_POINT('',(-42.,-20.,15.));
#1078 = DIRECTION('',(1.,0.,0.));
#1079 = DIRECTION('',(-0.,1.,0.));
#1080 = ADVANCED_FACE('',(#1081),#1087,.T.);
#1081 = FACE_BOUND('',#1082,.T.);
#1082 = EDGE_LOOP('',(#1083,#1084,#1085,#1086));
#1083 = ORIENTED_EDGE('',*,*,#549,.F.);
#1084 = ORIENTED_EDGE('',*,*,#1070,.T.);
#1085 = ORIENTED_EDGE('',*,*,#343,.F.);
#1086 = ORIENTED_EDGE('',*,*,#1046,.F.);
#1087 = PLANE('',#1088);
#1088 = AXIS2_PLACEMENT_3D('',#1089,#1090,#1091);
#1089 = CARTESIAN_POINT('',(-42.,20.,15.));
#1090 = DIRECTION('',(-0.672672793996,-0.739940073396,0.));
#1091 = DIRECTION('',(0.739940073396,-0.672672793996,0.));
#1092 = ADVANCED_FACE('',(#1093),#1112,.T.);
#1093 = FACE_BOUND('',#1094,.T.);
#1094 = EDGE_LOOP('',(#1095,#1103,#1104,#1105));
#1095 = ORIENTED_EDGE('',*,*,#1096,.F.);
#1096 = EDGE_CURVE('',#391,#1097,#1099,.T.);
#1097 = VERTEX_POINT('',#1098);
#1098 = CARTESIAN_POINT('',(-60.0243360281,-188.1464203227,11.));
#1099 = LINE('',#1100,#1101);
#1100 = CARTESIAN_POINT('',(-60.0243360281,-188.1464203227,0.));
#1101 = VECTOR('',#1102,1.);
#1102 = DIRECTION('',(0.,0.,1.));
#1103 = ORIENTED_EDGE('',*,*,#399,.F.);
#1104 = ORIENTED_EDGE('',*,*,#365,.T.);
#1105 = ORIENTED_EDGE('',*,*,#1106,.F.);
#1106 = EDGE_CURVE('',#1097,#366,#1107,.T.);
#1107 = CIRCLE('',#1108,4.);
#1108 = AXIS2_PLACEMENT_3D('',#1109,#1110,#1111);
#1109 = CARTESIAN_POINT('',(-56.7281683313,-185.8803050312,11.));
#1110 = DIRECTION('',(0.,0.,1.));
#1111 = DIRECTION('',(-0.824041924199,-0.566528822887,0.));
#1112 = CYLINDRICAL_SURFACE('',#1113,4.);
#1113 = AXIS2_PLACEMENT_3D('',#1114,#1115,#1116);
#1114 = CARTESIAN_POINT('',(-56.7281683313,-185.8803050312,0.));
#1115 = DIRECTION('',(0.,0.,1.));
#1116 = DIRECTION('',(-0.824041924199,-0.566528822887,0.));
#1117 = ADVANCED_FACE('',(#1118),#1129,.T.);
#1118 = FACE_BOUND('',#1119,.F.);
#1119 = EDGE_LOOP('',(#1120,#1127,#1128));
#1120 = ORIENTED_EDGE('',*,*,#1121,.F.);
#1121 = EDGE_CURVE('',#415,#1097,#1122,.T.);
#1122 = CIRCLE('',#1123,4.);
#1123 = AXIS2_PLACEMENT_3D('',#1124,#1125,#1126);
#1124 = CARTESIAN_POINT('',(-56.7281683313,-185.8803050312,11.));
#1125 = DIRECTION('',(0.566528822887,-0.824041924199,0.));
#1126 = DIRECTION('',(0.,0.,1.));
#1127 = ORIENTED_EDGE('',*,*,#414,.T.);
#1128 = ORIENTED_EDGE('',*,*,#1106,.F.);
#1129 = SPHERICAL_SURFACE('',#1130,4.);
#1130 = AXIS2_PLACEMENT_3D('',#1131,#1132,#1133);
#1131 = CARTESIAN_POINT('',(-56.7281683313,-185.8803050312,11.));
#1132 = DIRECTION('',(-0.,-0.,-1.));
#1133 = DIRECTION('',(-0.824041924199,-0.566528822887,0.));
#1134 = ADVANCED_FACE('',(#1135),#1183,.T.);
#1135 = FACE_BOUND('',#1136,.F.);
#1136 = EDGE_LOOP('',(#1137,#1148,#1165,#1166));
#1137 = ORIENTED_EDGE('',*,*,#1138,.T.);
#1138 = EDGE_CURVE('',#1139,#1141,#1143,.T.);
#1139 = VERTEX_POINT('',#1140);
#1140 = CARTESIAN_POINT('',(-98.28112094375,-127.720893262,11.));
#1141 = VERTEX_POINT('',#1142);
#1142 = CARTESIAN_POINT('',(-98.28112094375,127.72089326208,11.));
#1143 = CIRCLE('',#1144,214.00934559032);
#1144 = AXIS2_PLACEMENT_3D('',#1145,#1146,#1147);
#1145 = CARTESIAN_POINT('',(-270.,5.4E-16,11.));
#1146 = DIRECTION('',(-0.,0.,1.));
#1147 = DIRECTION('',(0.794357832977,-0.607450107571,0.));
#1148 = ORIENTED_EDGE('',*,*,#1149,.T.);
#1149 = EDGE_CURVE('',#1141,#442,#1150,.T.);
#1150 = ( BOUNDED_CURVE() B_SPLINE_CURVE(7,(#1151,#1152,#1153,#1154,
    #1155,#1156,#1157,#1158,#1159,#1160,#1161,#1162,#1163,#1164),
.UNSPECIFIED.,.F.,.F.) B_SPLINE_CURVE_WITH_KNOTS((8,6,8),(
    148.46647610618,151.04673788883,153.62699967148),.UNSPECIFIED.) 
CURVE() GEOMETRIC_REPRESENTATION_ITEM() RATIONAL_B_SPLINE_CURVE((1.,1.,
1.,1.,1.,1.,1.,1.,1.,1.,1.,1.,1.,1.)) REPRESENTATION_ITEM('') );
#1151 = CARTESIAN_POINT('',(-98.28112094375,127.72089326208,11.));
#1152 = CARTESIAN_POINT('',(-98.28112094375,127.72089326208,
    11.455624903922));
#1153 = CARTESIAN_POINT('',(-98.23301169824,127.75764790881,
    11.911372571989));
#1154 = CARTESIAN_POINT('',(-98.13667293131,127.83122465554,
    12.357172917189));
#1155 = CARTESIAN_POINT('',(-97.99403090912,127.94007183184,
    12.783232158348));
#1156 = CARTESIAN_POINT('',(-97.80758680051,128.08185737244,
    13.18076119271));
#1157 = CARTESIAN_POINT('',(-97.58249722142,128.25231840768,
    13.54082778844));
#1158 = CARTESIAN_POINT('',(-97.06650636976,128.64087045765,
    14.17364855456));
#1159 = CARTESIAN_POINT('',(-96.77561269454,128.85895668622,
    14.44637634912));
#1160 = CARTESIAN_POINT('',(-96.45770337436,129.09592287134,
    14.668945587159));
#1161 = CARTESIAN_POINT('',(-96.12001609626,129.34585273775,
    14.836525712864));
#1162 = CARTESIAN_POINT('',(-95.7706852898,129.6021286013,14.94668618027
    ));
#1163 = CARTESIAN_POINT('',(-95.41848551886,129.85812383598,15.));
#1164 = CARTESIAN_POINT('',(-95.07156243437,130.10809542673,15.));
#1165 = ORIENTED_EDGE('',*,*,#439,.F.);
#1166 = ORIENTED_EDGE('',*,*,#1167,.F.);
#1167 = EDGE_CURVE('',#1139,#440,#1168,.T.);
#1168 = ( BOUNDED_CURVE() B_SPLINE_CURVE(7,(#1169,#1170,#1171,#1172,
    #1173,#1174,#1175,#1176,#1177,#1178,#1179,#1180,#1181,#1182),
.UNSPECIFIED.,.F.,.F.) B_SPLINE_CURVE_WITH_KNOTS((8,6,8),(
    148.46647610618,151.04673788883,153.62699967148),.UNSPECIFIED.) 
CURVE() GEOMETRIC_REPRESENTATION_ITEM() RATIONAL_B_SPLINE_CURVE((1.,1.,
1.,1.,1.,1.,1.,1.,1.,1.,1.,1.,1.,1.)) REPRESENTATION_ITEM('') );
#1169 = CARTESIAN_POINT('',(-98.28112094375,-127.720893262,11.));
#1170 = CARTESIAN_POINT('',(-98.28112094375,-127.720893262,
    11.455624903922));
#1171 = CARTESIAN_POINT('',(-98.23301169824,-127.7576479088,
    11.911372571992));
#1172 = CARTESIAN_POINT('',(-98.13667293131,-127.8312246555,
    12.357172917189));
#1173 = CARTESIAN_POINT('',(-97.99403090912,-127.9400718318,
    12.783232158353));
#1174 = CARTESIAN_POINT('',(-97.80758680051,-128.0818573724,
    13.180761192711));
#1175 = CARTESIAN_POINT('',(-97.58249722142,-128.2523184076,
    13.540827788444));
#1176 = CARTESIAN_POINT('',(-97.06650636976,-128.6408704576,
    14.173648554564));
#1177 = CARTESIAN_POINT('',(-96.77561269454,-128.8589566862,
    14.446376349122));
#1178 = CARTESIAN_POINT('',(-96.45770337437,-129.0959228713,
    14.668945587156));
#1179 = CARTESIAN_POINT('',(-96.12001609626,-129.3458527377,
    14.836525712868));
#1180 = CARTESIAN_POINT('',(-95.7706852898,-129.6021286013,
    14.94668618027));
#1181 = CARTESIAN_POINT('',(-95.41848551886,-129.8581238359,15.));
#1182 = CARTESIAN_POINT('',(-95.07156243438,-130.1080954267,15.));
#1183 = TOROIDAL_SURFACE('',#1184,218.00934559032,4.);
#1184 = AXIS2_PLACEMENT_3D('',#1185,#1186,#1187);
#1185 = CARTESIAN_POINT('',(-270.,5.4E-16,11.));
#1186 = DIRECTION('',(-0.,-0.,-1.));
#1187 = DIRECTION('',(0.794357832977,-0.607450107571,0.));
#1188 = ADVANCED_FACE('',(#1189),#1217,.T.);
#1189 = FACE_BOUND('',#1190,.T.);
#1190 = EDGE_LOOP('',(#1191,#1199,#1210,#1216));
#1191 = ORIENTED_EDGE('',*,*,#1192,.T.);
#1192 = EDGE_CURVE('',#440,#1193,#1195,.T.);
#1193 = VERTEX_POINT('',#1194);
#1194 = CARTESIAN_POINT('',(-97.71457048046,-133.3242611193,
    11.169753701632));
#1195 = ( BOUNDED_CURVE() B_SPLINE_CURVE(2,(#1196,#1197,#1198),
.UNSPECIFIED.,.F.,.F.) B_SPLINE_CURVE_WITH_KNOTS((3,3),(0.,
5.160523565305),.PIECEWISE_BEZIER_KNOTS.) CURVE() 
GEOMETRIC_REPRESENTATION_ITEM() RATIONAL_B_SPLINE_CURVE((1.,
0.707106781187,1.)) REPRESENTATION_ITEM('') );
#1196 = CARTESIAN_POINT('',(-95.07156243438,-130.1080954267,15.));
#1197 = CARTESIAN_POINT('',(-98.36773013117,-132.3742107182,15.));
#1198 = CARTESIAN_POINT('',(-97.71457048046,-133.3242611193,
    11.169753701632));
#1199 = ORIENTED_EDGE('',*,*,#1200,.T.);
#1200 = EDGE_CURVE('',#1193,#1201,#1203,.T.);
#1201 = VERTEX_POINT('',#1202);
#1202 = CARTESIAN_POINT('',(-97.61842643268,-133.464107007,11.));
#1203 = ( BOUNDED_CURVE() B_SPLINE_CURVE(5,(#1204,#1205,#1206,#1207,
#1208,#1209),.UNSPECIFIED.,.F.,.F.) B_SPLINE_CURVE_WITH_KNOTS((6,6),(
153.62699967148,154.91024922158),.PIECEWISE_BEZIER_KNOTS.) CURVE() 
GEOMETRIC_REPRESENTATION_ITEM() RATIONAL_B_SPLINE_CURVE((1.,1.,1.,1.,1.,
1.)) REPRESENTATION_ITEM('') );
#1204 = CARTESIAN_POINT('',(-97.71457048046,-133.3242611193,
    11.169753701632));
#1205 = CARTESIAN_POINT('',(-97.68364685458,-133.3692409387,
    11.101822470802));
#1206 = CARTESIAN_POINT('',(-97.66187042519,-133.4009157451,
    11.050910157176));
#1207 = CARTESIAN_POINT('',(-97.64552380625,-133.4246926454,
    11.016980777079));
#1208 = CARTESIAN_POINT('',(-97.63194479832,-133.4444439297,11.));
#1209 = CARTESIAN_POINT('',(-97.61842643268,-133.464107007,11.));
#1210 = ORIENTED_EDGE('',*,*,#1211,.F.);
#1211 = EDGE_CURVE('',#451,#1201,#1212,.T.);
#1212 = ( BOUNDED_CURVE() B_SPLINE_CURVE(2,(#1213,#1214,#1215),
.UNSPECIFIED.,.F.,.F.) B_SPLINE_CURVE_WITH_KNOTS((3,3),(0.,
1.283249550097),.PIECEWISE_BEZIER_KNOTS.) CURVE() 
GEOMETRIC_REPRESENTATION_ITEM() RATIONAL_B_SPLINE_CURVE((1.,
0.707106781187,1.)) REPRESENTATION_ITEM('') );
#1213 = CARTESIAN_POINT('',(-94.32225873588,-131.1979917154,15.));
#1214 = CARTESIAN_POINT('',(-97.61842643268,-133.464107007,15.));
#1215 = CARTESIAN_POINT('',(-97.61842643268,-133.464107007,11.));
#1216 = ORIENTED_EDGE('',*,*,#450,.F.);
#1217 = ( BOUNDED_SURFACE() B_SPLINE_SURFACE(2,5,(
    (#1218,#1219,#1220,#1221,#1222,#1223)
    ,(#1224,#1225,#1226,#1227,#1228,#1229)
    ,(#1230,#1231,#1232,#1233,#1234,#1235
)),.UNSPECIFIED.,.F.,.F.,.F.) B_SPLINE_SURFACE_WITH_KNOTS((3,3),(6,6),(
    0.,1.283249550097),(153.62699967148,154.91024922158),
.PIECEWISE_BEZIER_KNOTS.) GEOMETRIC_REPRESENTATION_ITEM() 
RATIONAL_B_SPLINE_SURFACE((
    (1.,1.,1.,1.,1.,1.)
    ,(0.707106781187,0.707106781187,0.707106781187,0.707106781186
      ,0.707106781187,0.707106781187)
,(1.,1.,1.,1.,1.,1.))) REPRESENTATION_ITEM('') SURFACE() );
#1218 = CARTESIAN_POINT('',(-95.07156243438,-130.1080954267,15.));
#1219 = CARTESIAN_POINT('',(-94.91278288394,-130.3390475001,15.));
#1220 = CARTESIAN_POINT('',(-94.76106380898,-130.5597297909,15.));
#1221 = CARTESIAN_POINT('',(-94.6134156782,-130.7744907084,15.));
#1222 = CARTESIAN_POINT('',(-94.46783818449,-130.9862397902,15.));
#1223 = CARTESIAN_POINT('',(-94.32225873588,-131.1979917154,15.));
#1224 = CARTESIAN_POINT('',(-98.36773013117,-132.3742107182,15.));
#1225 = CARTESIAN_POINT('',(-98.20895058074,-132.6051627916,15.));
#1226 = CARTESIAN_POINT('',(-98.05723150578,-132.8258450825,15.));
#1227 = CARTESIAN_POINT('',(-97.909583375,-133.0406059999,15.));
#1228 = CARTESIAN_POINT('',(-97.76400588129,-133.2523550817,15.));
#1229 = CARTESIAN_POINT('',(-97.61842643268,-133.464107007,15.));
#1230 = CARTESIAN_POINT('',(-97.71457048046,-133.3242611193,
    11.169753701632));
#1231 = CARTESIAN_POINT('',(-97.68364685458,-133.3692409387,
    11.101822470802));
#1232 = CARTESIAN_POINT('',(-97.66187042519,-133.4009157451,
    11.050910157176));
#1233 = CARTESIAN_POINT('',(-97.64552380625,-133.4246926454,
    11.016980777079));
#1234 = CARTESIAN_POINT('',(-97.63194479832,-133.4444439297,11.));
#1235 = CARTESIAN_POINT('',(-97.61842643268,-133.464107007,11.));
#1236 = ADVANCED_FACE('',(#1237),#1265,.F.);
#1237 = FACE_BOUND('',#1238,.F.);
#1238 = EDGE_LOOP('',(#1239,#1247,#1258,#1264));
#1239 = ORIENTED_EDGE('',*,*,#1240,.T.);
#1240 = EDGE_CURVE('',#442,#1241,#1243,.T.);
#1241 = VERTEX_POINT('',#1242);
#1242 = CARTESIAN_POINT('',(-97.71457048046,133.32426111932,
    11.169753701632));
#1243 = ( BOUNDED_CURVE() B_SPLINE_CURVE(2,(#1244,#1245,#1246),
.UNSPECIFIED.,.F.,.F.) B_SPLINE_CURVE_WITH_KNOTS((3,3),(0.,
5.160523565303),.PIECEWISE_BEZIER_KNOTS.) CURVE() 
GEOMETRIC_REPRESENTATION_ITEM() RATIONAL_B_SPLINE_CURVE((1.,
0.707106781187,1.)) REPRESENTATION_ITEM('') );
#1244 = CARTESIAN_POINT('',(-95.07156243437,130.10809542673,15.));
#1245 = CARTESIAN_POINT('',(-98.36773013117,132.37421071828,15.));
#1246 = CARTESIAN_POINT('',(-97.71457048046,133.32426111932,
    11.169753701632));
#1247 = ORIENTED_EDGE('',*,*,#1248,.T.);
#1248 = EDGE_CURVE('',#1241,#1249,#1251,.T.);
#1249 = VERTEX_POINT('',#1250);
#1250 = CARTESIAN_POINT('',(-97.61842643268,133.464107007,11.));
#1251 = ( BOUNDED_CURVE() B_SPLINE_CURVE(5,(#1252,#1253,#1254,#1255,
#1256,#1257),.UNSPECIFIED.,.F.,.F.) B_SPLINE_CURVE_WITH_KNOTS((6,6),(
153.62699967148,154.91024922158),.PIECEWISE_BEZIER_KNOTS.) CURVE() 
GEOMETRIC_REPRESENTATION_ITEM() RATIONAL_B_SPLINE_CURVE((1.,1.,1.,1.,1.,
1.)) REPRESENTATION_ITEM('') );
#1252 = CARTESIAN_POINT('',(-97.71457048046,133.32426111932,
    11.169753701632));
#1253 = CARTESIAN_POINT('',(-97.68364685458,133.36924093878,
    11.101822470802));
#1254 = CARTESIAN_POINT('',(-97.66187042519,133.40091574516,
    11.050910157176));
#1255 = CARTESIAN_POINT('',(-97.64552380625,133.42469264544,
    11.01698077708));
#1256 = CARTESIAN_POINT('',(-97.63194479832,133.44444392971,11.));
#1257 = CARTESIAN_POINT('',(-97.61842643268,133.464107007,11.));
#1258 = ORIENTED_EDGE('',*,*,#1259,.F.);
#1259 = EDGE_CURVE('',#521,#1249,#1260,.T.);
#1260 = ( BOUNDED_CURVE() B_SPLINE_CURVE(2,(#1261,#1262,#1263),
.UNSPECIFIED.,.F.,.F.) B_SPLINE_CURVE_WITH_KNOTS((3,3),(0.,
1.283249550098),.PIECEWISE_BEZIER_KNOTS.) CURVE() 
GEOMETRIC_REPRESENTATION_ITEM() RATIONAL_B_SPLINE_CURVE((1.,
0.707106781187,1.)) REPRESENTATION_ITEM('') );
#1261 = CARTESIAN_POINT('',(-94.32225873588,131.19799171545,15.));
#1262 = CARTESIAN_POINT('',(-97.61842643268,133.464107007,15.));
#1263 = CARTESIAN_POINT('',(-97.61842643268,133.464107007,11.));
#1264 = ORIENTED_EDGE('',*,*,#528,.F.);
#1265 = ( BOUNDED_SURFACE() B_SPLINE_SURFACE(2,5,(
    (#1266,#1267,#1268,#1269,#1270,#1271)
    ,(#1272,#1273,#1274,#1275,#1276,#1277)
    ,(#1278,#1279,#1280,#1281,#1282,#1283
)),.UNSPECIFIED.,.F.,.F.,.F.) B_SPLINE_SURFACE_WITH_KNOTS((3,3),(6,6),(
    0.,1.283249550098),(153.62699967148,154.91024922158),
.PIECEWISE_BEZIER_KNOTS.) GEOMETRIC_REPRESENTATION_ITEM() 
RATIONAL_B_SPLINE_SURFACE((
    (1.,1.,1.,1.,1.,1.)
    ,(0.707106781187,0.707106781187,0.707106781187,0.707106781187
      ,0.707106781187,0.707106781187)
,(1.,1.,1.,1.,1.,1.))) REPRESENTATION_ITEM('') SURFACE() );
#1266 = CARTESIAN_POINT('',(-95.07156243437,130.10809542673,15.));
#1267 = CARTESIAN_POINT('',(-94.91278288394,130.33904750009,15.));
#1268 = CARTESIAN_POINT('',(-94.76106380897,130.55972979096,15.));
#1269 = CARTESIAN_POINT('',(-94.61341567822,130.77449070841,15.));
#1270 = CARTESIAN_POINT('',(-94.46783818448,130.98623979021,15.));
#1271 = CARTESIAN_POINT('',(-94.32225873588,131.19799171545,15.));
#1272 = CARTESIAN_POINT('',(-98.36773013117,132.37421071828,15.));
#1273 = CARTESIAN_POINT('',(-98.20895058074,132.60516279164,15.));
#1274 = CARTESIAN_POINT('',(-98.05723150578,132.82584508249,15.));
#1275 = CARTESIAN_POINT('',(-97.909583375,133.04060599998,15.));
#1276 = CARTESIAN_POINT('',(-97.76400588129,133.25235508174,15.));
#1277 = CARTESIAN_POINT('',(-97.61842643268,133.464107007,15.));
#1278 = CARTESIAN_POINT('',(-97.71457048046,133.32426111932,
    11.169753701632));
#1279 = CARTESIAN_POINT('',(-97.68364685458,133.36924093878,
    11.101822470802));
#1280 = CARTESIAN_POINT('',(-97.66187042519,133.40091574516,
    11.050910157176));
#1281 = CARTESIAN_POINT('',(-97.64552380625,133.42469264544,
    11.01698077708));
#1282 = CARTESIAN_POINT('',(-97.63194479832,133.44444392971,11.));
#1283 = CARTESIAN_POINT('',(-97.61842643268,133.464107007,11.));
#1284 = ADVANCED_FACE('',(#1285),#1296,.T.);
#1285 = FACE_BOUND('',#1286,.T.);
#1286 = EDGE_LOOP('',(#1287,#1288,#1294,#1295));
#1287 = ORIENTED_EDGE('',*,*,#1211,.T.);
#1288 = ORIENTED_EDGE('',*,*,#1289,.T.);
#1289 = EDGE_CURVE('',#1201,#1097,#1290,.T.);
#1290 = LINE('',#1291,#1292);
#1291 = CARTESIAN_POINT('',(-97.61842643268,-133.464107007,11.));
#1292 = VECTOR('',#1293,1.);
#1293 = DIRECTION('',(0.566528822887,-0.824041924199,0.));
#1294 = ORIENTED_EDGE('',*,*,#1121,.F.);
#1295 = ORIENTED_EDGE('',*,*,#461,.F.);
#1296 = CYLINDRICAL_SURFACE('',#1297,4.);
#1297 = AXIS2_PLACEMENT_3D('',#1298,#1299,#1300);
#1298 = CARTESIAN_POINT('',(-94.32225873588,-131.1979917154,11.));
#1299 = DIRECTION('',(0.566528822887,-0.824041924199,0.));
#1300 = DIRECTION('',(0.,0.,1.));
#1301 = ADVANCED_FACE('',(#1302),#1321,.T.);
#1302 = FACE_BOUND('',#1303,.F.);
#1303 = EDGE_LOOP('',(#1304,#1305,#1313,#1320));
#1304 = ORIENTED_EDGE('',*,*,#1259,.T.);
#1305 = ORIENTED_EDGE('',*,*,#1306,.T.);
#1306 = EDGE_CURVE('',#1249,#1307,#1309,.T.);
#1307 = VERTEX_POINT('',#1308);
#1308 = CARTESIAN_POINT('',(-60.0243360281,188.14642032275,11.));
#1309 = LINE('',#1310,#1311);
#1310 = CARTESIAN_POINT('',(-97.61842643268,133.464107007,11.));
#1311 = VECTOR('',#1312,1.);
#1312 = DIRECTION('',(0.566528822887,0.824041924199,0.));
#1313 = ORIENTED_EDGE('',*,*,#1314,.F.);
#1314 = EDGE_CURVE('',#513,#1307,#1315,.T.);
#1315 = CIRCLE('',#1316,4.);
#1316 = AXIS2_PLACEMENT_3D('',#1317,#1318,#1319);
#1317 = CARTESIAN_POINT('',(-56.7281683313,185.8803050312,11.));
#1318 = DIRECTION('',(-0.566528822887,-0.824041924199,0.));
#1319 = DIRECTION('',(0.,0.,1.));
#1320 = ORIENTED_EDGE('',*,*,#520,.F.);
#1321 = CYLINDRICAL_SURFACE('',#1322,4.);
#1322 = AXIS2_PLACEMENT_3D('',#1323,#1324,#1325);
#1323 = CARTESIAN_POINT('',(-94.32225873588,131.19799171545,11.));
#1324 = DIRECTION('',(0.566528822887,0.824041924199,0.));
#1325 = DIRECTION('',(0.,0.,1.));
#1326 = ADVANCED_FACE('',(#1327),#1346,.T.);
#1327 = FACE_BOUND('',#1328,.F.);
#1328 = EDGE_LOOP('',(#1329,#1338,#1344,#1345));
#1329 = ORIENTED_EDGE('',*,*,#1330,.T.);
#1330 = EDGE_CURVE('',#513,#1331,#1333,.T.);
#1331 = VERTEX_POINT('',#1332);
#1332 = CARTESIAN_POINT('',(-52.91024841916,184.68720505866,11.));
#1333 = CIRCLE('',#1334,4.);
#1334 = AXIS2_PLACEMENT_3D('',#1335,#1336,#1337);
#1335 = CARTESIAN_POINT('',(-56.7281683313,185.8803050312,11.));
#1336 = DIRECTION('',(0.298274993136,0.954479978035,0.));
#1337 = DIRECTION('',(0.954479978035,-0.298274993136,0.));
#1338 = ORIENTED_EDGE('',*,*,#1339,.T.);
#1339 = EDGE_CURVE('',#1331,#872,#1340,.T.);
#1340 = LINE('',#1341,#1342);
#1341 = CARTESIAN_POINT('',(-52.91024841916,184.68720505866,11.));
#1342 = VECTOR('',#1343,1.);
#1343 = DIRECTION('',(-0.298274993136,-0.954479978035,0.));
#1344 = ORIENTED_EDGE('',*,*,#879,.F.);
#1345 = ORIENTED_EDGE('',*,*,#512,.F.);
#1346 = CYLINDRICAL_SURFACE('',#1347,4.);
#1347 = AXIS2_PLACEMENT_3D('',#1348,#1349,#1350);
#1348 = CARTESIAN_POINT('',(-56.7281683313,185.8803050312,11.));
#1349 = DIRECTION('',(-0.298274993136,-0.954479978035,0.));
#1350 = DIRECTION('',(0.,0.,1.));
#1351 = ADVANCED_FACE('',(#1352),#1363,.F.);
#1352 = FACE_BOUND('',#1353,.F.);
#1353 = EDGE_LOOP('',(#1354,#1360,#1361,#1362));
#1354 = ORIENTED_EDGE('',*,*,#1355,.F.);
#1355 = EDGE_CURVE('',#581,#973,#1356,.T.);
#1356 = LINE('',#1357,#1358);
#1357 = CARTESIAN_POINT('',(13.,-7.5,10.));
#1358 = VECTOR('',#1359,1.);
#1359 = DIRECTION('',(0.,1.,0.));
#1360 = ORIENTED_EDGE('',*,*,#588,.T.);
#1361 = ORIENTED_EDGE('',*,*,#478,.T.);
#1362 = ORIENTED_EDGE('',*,*,#972,.F.);
#1363 = PLANE('',#1364);
#1364 = AXIS2_PLACEMENT_3D('',#1365,#1366,#1367);
#1365 = CARTESIAN_POINT('',(13.,-15.,0.));
#1366 = DIRECTION('',(-1.,0.,0.));
#1367 = DIRECTION('',(0.,1.,0.));
#1368 = ADVANCED_FACE('',(#1369,#1375,#1378),#1381,.T.);
#1369 = FACE_BOUND('',#1370,.T.);
#1370 = EDGE_LOOP('',(#1371,#1372,#1373,#1374));
#1371 = ORIENTED_EDGE('',*,*,#980,.T.);
#1372 = ORIENTED_EDGE('',*,*,#1355,.F.);
#1373 = ORIENTED_EDGE('',*,*,#580,.T.);
#1374 = ORIENTED_EDGE('',*,*,#946,.T.);
#1375 = FACE_BOUND('',#1376,.T.);
#1376 = EDGE_LOOP('',(#1377));
#1377 = ORIENTED_EDGE('',*,*,#995,.F.);
#1378 = FACE_BOUND('',#1379,.T.);
#1379 = EDGE_LOOP('',(#1380));
#1380 = ORIENTED_EDGE('',*,*,#1020,.F.);
#1381 = PLANE('',#1382);
#1382 = AXIS2_PLACEMENT_3D('',#1383,#1384,#1385);
#1383 = CARTESIAN_POINT('',(24.,0.,10.));
#1384 = DIRECTION('',(0.,0.,1.));
#1385 = DIRECTION('',(1.,0.,0.));
#1386 = ADVANCED_FACE('',(#1387),#1438,.F.);
#1387 = FACE_BOUND('',#1388,.F.);
#1388 = EDGE_LOOP('',(#1389,#1390,#1391,#1392,#1411,#1419,#1436,#1437));
#1389 = ORIENTED_EDGE('',*,*,#1096,.F.);
#1390 = ORIENTED_EDGE('',*,*,#654,.T.);
#1391 = ORIENTED_EDGE('',*,*,#613,.T.);
#1392 = ORIENTED_EDGE('',*,*,#1393,.T.);
#1393 = EDGE_CURVE('',#614,#1394,#1396,.T.);
#1394 = VERTEX_POINT('',#1395);
#1395 = CARTESIAN_POINT('',(-98.36773013117,-132.3742107182,4.));
#1396 = ( BOUNDED_CURVE() B_SPLINE_CURVE(13,(#1397,#1398,#1399,#1400,
    #1401,#1402,#1403,#1404,#1405,#1406,#1407,#1408,#1409,#1410),
.UNSPECIFIED.,.F.,.F.) B_SPLINE_CURVE_WITH_KNOTS((14,14),(
136.30594796903,141.46647610618),.PIECEWISE_BEZIER_KNOTS.) CURVE() 
GEOMETRIC_REPRESENTATION_ITEM() RATIONAL_B_SPLINE_CURVE((1.,1.,
    0.999999999999,1.000000000001,0.999999999998,1.000000000003,
    0.999999999997,1.000000000003,0.999999999998,1.000000000001,1.,1.,1.
,1.)) REPRESENTATION_ITEM('') );
#1397 = CARTESIAN_POINT('',(-97.71457558234,-133.3242536984,
    3.830249009042));
#1398 = CARTESIAN_POINT('',(-97.76240448002,-133.2546843926,
    3.725179150822));
#1399 = CARTESIAN_POINT('',(-97.82048031856,-133.1702104457,
    3.635889286863));
#1400 = CARTESIAN_POINT('',(-97.88654744043,-133.0741128139,
    3.567264714761));
#1401 = CARTESIAN_POINT('',(-97.95713180494,-132.9714446473,
    3.516447868559));
#1402 = CARTESIAN_POINT('',(-98.03292542772,-132.8611993778,
    3.504590709358));
#1403 = CARTESIAN_POINT('',(-98.09944353848,-132.7644457622,
    3.484734930013));
#1404 = CARTESIAN_POINT('',(-98.17674850838,-132.6520021696,
    3.537499720251));
#1405 = CARTESIAN_POINT('',(-98.2299231787,-132.5746571945,
    3.561045031403));
#1406 = CARTESIAN_POINT('',(-98.28732225609,-132.4911676275,
    3.639394912642));
#1407 = CARTESIAN_POINT('',(-98.32596562949,-132.4349590843,
    3.716230238242));
#1408 = CARTESIAN_POINT('',(-98.35400223175,-132.3941785719,
    3.808113373485));
#1409 = CARTESIAN_POINT('',(-98.36773013117,-132.3742107182,
    3.90396945743));
#1410 = CARTESIAN_POINT('',(-98.36773013117,-132.3742107182,4.));
#1411 = ORIENTED_EDGE('',*,*,#1412,.T.);
#1412 = EDGE_CURVE('',#1394,#1413,#1415,.T.);
#1413 = VERTEX_POINT('',#1414);
#1414 = CARTESIAN_POINT('',(-98.36773013117,-132.3742107182,11.));
#1415 = LINE('',#1416,#1417);
#1416 = CARTESIAN_POINT('',(-98.36773013117,-132.3742107182,4.));
#1417 = VECTOR('',#1418,1.);
#1418 = DIRECTION('',(0.,0.,1.));
#1419 = ORIENTED_EDGE('',*,*,#1420,.T.);
#1420 = EDGE_CURVE('',#1413,#1193,#1421,.T.);
#1421 = ( BOUNDED_CURVE() B_SPLINE_CURVE(7,(#1422,#1423,#1424,#1425,
    #1426,#1427,#1428,#1429,#1430,#1431,#1432,#1433,#1434,#1435),
.UNSPECIFIED.,.F.,.F.) B_SPLINE_CURVE_WITH_KNOTS((8,6,8),(
    148.46647610618,151.04673788883,153.62699967148),.UNSPECIFIED.) 
CURVE() GEOMETRIC_REPRESENTATION_ITEM() RATIONAL_B_SPLINE_CURVE((1.,1.,
1.,1.,1.,1.,1.,1.,1.,1.,1.,1.,1.,1.)) REPRESENTATION_ITEM('') );
#1422 = CARTESIAN_POINT('',(-98.36773013117,-132.3742107182,11.));
#1423 = CARTESIAN_POINT('',(-98.36773013117,-132.3742107182,
    11.089171139103));
#1424 = CARTESIAN_POINT('',(-98.35490915761,-132.3928594071,
    11.178417742777));
#1425 = CARTESIAN_POINT('',(-98.32940237728,-132.4299601784,
    11.262065801369));
#1426 = CARTESIAN_POINT('',(-98.29175327686,-132.4847225063,
    11.33636615584));
#1427 = CARTESIAN_POINT('',(-98.24447189998,-132.5534954182,
    11.394477400339));
#1428 = CARTESIAN_POINT('',(-98.18946891795,-132.6334997557,
    11.435375619851));
#1429 = CARTESIAN_POINT('',(-98.07005853641,-132.8071875833,
    11.477103467683));
#1430 = CARTESIAN_POINT('',(-98.0056446854,-132.9008804575,
    11.47799069083));
#1431 = CARTESIAN_POINT('',(-97.93939128897,-132.9972490342,
    11.457084607291));
#1432 = CARTESIAN_POINT('',(-97.87389840692,-133.0925114081,
    11.414416710099));
#1433 = CARTESIAN_POINT('',(-97.81293958496,-133.1811787855,
    11.350107512848));
#1434 = CARTESIAN_POINT('',(-97.75898398301,-133.259659661,
    11.267318712465));
#1435 = CARTESIAN_POINT('',(-97.71457048046,-133.3242611193,
    11.169753701632));
#1436 = ORIENTED_EDGE('',*,*,#1200,.T.);
#1437 = ORIENTED_EDGE('',*,*,#1289,.T.);
#1438 = PLANE('',#1439);
#1439 = AXIS2_PLACEMENT_3D('',#1440,#1441,#1442);
#1440 = CARTESIAN_POINT('',(-100.,-130.,0.));
#1441 = DIRECTION('',(0.824041924199,0.566528822887,0.));
#1442 = DIRECTION('',(0.566528822887,-0.824041924199,0.));
#1443 = ADVANCED_FACE('',(#1444),#1455,.T.);
#1444 = FACE_BOUND('',#1445,.T.);
#1445 = EDGE_LOOP('',(#1446,#1447,#1448,#1454));
#1446 = ORIENTED_EDGE('',*,*,#624,.T.);
#1447 = ORIENTED_EDGE('',*,*,#1393,.T.);
#1448 = ORIENTED_EDGE('',*,*,#1449,.F.);
#1449 = EDGE_CURVE('',#671,#1394,#1450,.T.);
#1450 = ( BOUNDED_CURVE() B_SPLINE_CURVE(2,(#1451,#1452,#1453),
.UNSPECIFIED.,.F.,.F.) B_SPLINE_CURVE_WITH_KNOTS((3,3),(0.,
5.160528137149),.PIECEWISE_BEZIER_KNOTS.) CURVE() 
GEOMETRIC_REPRESENTATION_ITEM() RATIONAL_B_SPLINE_CURVE((1.,
0.813356620552,1.)) REPRESENTATION_ITEM('') );
#1451 = CARTESIAN_POINT('',(-98.28112094375,-127.720893262,4.));
#1452 = CARTESIAN_POINT('',(-99.98860280699,-130.0165777352,4.));
#1453 = CARTESIAN_POINT('',(-98.36773013117,-132.3742107182,4.));
#1454 = ORIENTED_EDGE('',*,*,#699,.F.);
#1455 = ( BOUNDED_SURFACE() B_SPLINE_SURFACE(2,13,(
    (#1456,#1457,#1458,#1459,#1460,#1461,#1462,#1463,#1464,#1465,#1466
      ,#1467,#1468,#1469)
    ,(#1470,#1471,#1472,#1473,#1474,#1475,#1476,#1477,#1478,#1479,#1480
      ,#1481,#1482,#1483)
    ,(#1484,#1485,#1486,#1487,#1488,#1489,#1490,#1491,#1492,#1493,#1494
      ,#1495,#1496,#1497
)),.UNSPECIFIED.,.F.,.F.,.F.) B_SPLINE_SURFACE_WITH_KNOTS((3,3),(14,14),
  (0.,5.160528137149),(136.30594796903,141.46647610618),
.PIECEWISE_BEZIER_KNOTS.) GEOMETRIC_REPRESENTATION_ITEM() 
RATIONAL_B_SPLINE_SURFACE((
    (1.,1.,0.999999999999,1.000000000001,0.999999999998,1.000000000003
      ,0.999999999997,1.000000000003,0.999999999998,1.000000000001,1.,1.
      ,1.,1.)
    ,(0.707106781187,0.720838823366,0.734371534799,0.74741350587
      ,0.759735592598,0.771022549825,0.781392448433,0.790148907957
      ,0.797954427977,0.803988626466,0.80869002779,0.811797340863
      ,0.813356620552,0.813356620552)
    ,(1.,1.,0.999999999999,1.000000000001,0.999999999998,1.000000000003
      ,0.999999999997,1.000000000003,0.999999999998,1.000000000001,1.,1.
,1.,1.))) REPRESENTATION_ITEM('') SURFACE() );
#1456 = CARTESIAN_POINT('',(-95.07156243438,-130.1080954267,0.));
#1457 = CARTESIAN_POINT('',(-95.44517236767,-129.8388947791,1.2212E-13)
  );
#1458 = CARTESIAN_POINT('',(-95.82447317107,-129.5632068863,
    5.7445810744E-02));
#1459 = CARTESIAN_POINT('',(-96.20137659848,-129.2866835646,
    0.17548152452));
#1460 = CARTESIAN_POINT('',(-96.56799503779,-129.0154775202,
    0.356828104995));
#1461 = CARTESIAN_POINT('',(-96.91387708647,-128.7568154886,
    0.595060935839));
#1462 = CARTESIAN_POINT('',(-97.23735598138,-128.5148635627,
    0.899009642346));
#1463 = CARTESIAN_POINT('',(-97.51940368309,-128.3001270714,
    1.242740918596));
#1464 = CARTESIAN_POINT('',(-97.77086186444,-128.1107066977,
    1.644469906635));
#1465 = CARTESIAN_POINT('',(-97.9705360775,-127.9577741958,
    2.074924982425));
#1466 = CARTESIAN_POINT('',(-98.12580745904,-127.8396011164,
    2.537560471414));
#1467 = CARTESIAN_POINT('',(-98.22927222456,-127.7604924216,
    3.018460351256));
#1468 = CARTESIAN_POINT('',(-98.28112094375,-127.720893262,
    3.509326591846));
#1469 = CARTESIAN_POINT('',(-98.28112094375,-127.720893262,4.));
#1470 = CARTESIAN_POINT('',(-98.36773013117,-132.3742107182,2.22E-15));
#1471 = CARTESIAN_POINT('',(-98.58375289936,-132.0599957827,
    0.145933152445));
#1472 = CARTESIAN_POINT('',(-98.79127682331,-131.7581428024,
    0.328160521729));
#1473 = CARTESIAN_POINT('',(-98.98844679037,-131.471350123,
    0.544570441139));
#1474 = CARTESIAN_POINT('',(-99.17312629378,-131.2027253908,
    0.792987621068));
#1475 = CARTESIAN_POINT('',(-99.34430174121,-130.9537429218,
    1.071599069157));
#1476 = CARTESIAN_POINT('',(-99.49793366553,-130.7302783046,
    1.378127528328));
#1477 = CARTESIAN_POINT('',(-99.63523632088,-130.5305653514,
    1.708891096588));
#1478 = CARTESIAN_POINT('',(-99.75071414659,-130.3625976049,
    2.062674222049));
#1479 = CARTESIAN_POINT('',(-99.84567026683,-130.2244796118,
    2.433086844962));
#1480 = CARTESIAN_POINT('',(-99.91705691907,-130.1206444813,
    2.81732426719));
#1481 = CARTESIAN_POINT('',(-99.96486638086,-130.051103446,
    3.209764048522));
#1482 = CARTESIAN_POINT('',(-99.98860280699,-130.0165777352,
    3.605697620998));
#1483 = CARTESIAN_POINT('',(-99.98860280699,-130.0165777352,4.));
#1484 = CARTESIAN_POINT('',(-97.71457558234,-133.3242536984,
    3.830249009042));
#1485 = CARTESIAN_POINT('',(-97.76240448002,-133.2546843926,
    3.725179150822));
#1486 = CARTESIAN_POINT('',(-97.82048031856,-133.1702104457,
    3.635889286863));
#1487 = CARTESIAN_POINT('',(-97.88654744043,-133.0741128139,
    3.567264714761));
#1488 = CARTESIAN_POINT('',(-97.95713180494,-132.9714446473,
    3.516447868559));
#1489 = CARTESIAN_POINT('',(-98.03292542772,-132.8611993778,
    3.504590709358));
#1490 = CARTESIAN_POINT('',(-98.09944353848,-132.7644457622,
    3.484734930013));
#1491 = CARTESIAN_POINT('',(-98.17674850838,-132.6520021696,
    3.537499720251));
#1492 = CARTESIAN_POINT('',(-98.2299231787,-132.5746571945,
    3.561045031403));
#1493 = CARTESIAN_POINT('',(-98.28732225609,-132.4911676275,
    3.639394912642));
#1494 = CARTESIAN_POINT('',(-98.32596562949,-132.4349590843,
    3.716230238242));
#1495 = CARTESIAN_POINT('',(-98.35400223175,-132.3941785719,
    3.808113373485));
#1496 = CARTESIAN_POINT('',(-98.36773013117,-132.3742107182,
    3.90396945743));
#1497 = CARTESIAN_POINT('',(-98.36773013117,-132.3742107182,4.));
#1498 = ADVANCED_FACE('',(#1499),#1515,.F.);
#1499 = FACE_BOUND('',#1500,.T.);
#1500 = EDGE_LOOP('',(#1501,#1502,#1508,#1509));
#1501 = ORIENTED_EDGE('',*,*,#670,.F.);
#1502 = ORIENTED_EDGE('',*,*,#1503,.T.);
#1503 = EDGE_CURVE('',#671,#1139,#1504,.T.);
#1504 = LINE('',#1505,#1506);
#1505 = CARTESIAN_POINT('',(-98.28112094375,-127.720893262,4.));
#1506 = VECTOR('',#1507,1.);
#1507 = DIRECTION('',(0.,0.,1.));
#1508 = ORIENTED_EDGE('',*,*,#1138,.T.);
#1509 = ORIENTED_EDGE('',*,*,#1510,.F.);
#1510 = EDGE_CURVE('',#673,#1141,#1511,.T.);
#1511 = LINE('',#1512,#1513);
#1512 = CARTESIAN_POINT('',(-98.28112094375,127.72089326208,4.));
#1513 = VECTOR('',#1514,1.);
#1514 = DIRECTION('',(0.,0.,1.));
#1515 = CYLINDRICAL_SURFACE('',#1516,214.00934559032);
#1516 = AXIS2_PLACEMENT_3D('',#1517,#1518,#1519);
#1517 = CARTESIAN_POINT('',(-270.,5.4E-16,0.));
#1518 = DIRECTION('',(-0.,-0.,-1.));
#1519 = DIRECTION('',(1.,0.,0.));
#1520 = ADVANCED_FACE('',(#1521),#1550,.F.);
#1521 = FACE_BOUND('',#1522,.F.);
#1522 = EDGE_LOOP('',(#1523,#1524,#1543,#1549));
#1523 = ORIENTED_EDGE('',*,*,#744,.T.);
#1524 = ORIENTED_EDGE('',*,*,#1525,.T.);
#1525 = EDGE_CURVE('',#734,#1526,#1528,.T.);
#1526 = VERTEX_POINT('',#1527);
#1527 = CARTESIAN_POINT('',(-98.36773013117,132.37421071828,4.));
#1528 = ( BOUNDED_CURVE() B_SPLINE_CURVE(13,(#1529,#1530,#1531,#1532,
    #1533,#1534,#1535,#1536,#1537,#1538,#1539,#1540,#1541,#1542),
.UNSPECIFIED.,.F.,.F.) B_SPLINE_CURVE_WITH_KNOTS((14,14),(
136.30594796908,141.46647610618),.PIECEWISE_BEZIER_KNOTS.) CURVE() 
GEOMETRIC_REPRESENTATION_ITEM() RATIONAL_B_SPLINE_CURVE((1.,1.,
    1.000000000001,0.999999999997,1.000000000006,0.99999999999,
    1.000000000012,0.999999999988,1.000000000009,0.999999999994,
1.000000000003,0.999999999999,1.,1.)) REPRESENTATION_ITEM('') );
#1529 = CARTESIAN_POINT('',(-97.71457558232,133.32425369842,
    3.830249009033));
#1530 = CARTESIAN_POINT('',(-97.76240448002,133.25468439268,
    3.725179150801));
#1531 = CARTESIAN_POINT('',(-97.82048031859,133.17021044567,
    3.635889286862));
#1532 = CARTESIAN_POINT('',(-97.88654744052,133.07411281377,
    3.567264714571));
#1533 = CARTESIAN_POINT('',(-97.95713180517,132.97144464702,
    3.516447869515));
#1534 = CARTESIAN_POINT('',(-98.03292542672,132.86119937929,
    3.504590707326));
#1535 = CARTESIAN_POINT('',(-98.09944354015,132.76444575977,
    3.484734932631));
#1536 = CARTESIAN_POINT('',(-98.17674850668,132.65200217208,
    3.537499717998));
#1537 = CARTESIAN_POINT('',(-98.22992317983,132.57465719296,
    3.561045032668));
#1538 = CARTESIAN_POINT('',(-98.28732225561,132.49116762819,
    3.639394912235));
#1539 = CARTESIAN_POINT('',(-98.32596562962,132.43495908418,
    3.716230238335));
#1540 = CARTESIAN_POINT('',(-98.35400223173,132.39417857201,
    3.808113373457));
#1541 = CARTESIAN_POINT('',(-98.36773013117,132.37421071828,
    3.903969457434));
#1542 = CARTESIAN_POINT('',(-98.36773013117,132.37421071828,4.));
#1543 = ORIENTED_EDGE('',*,*,#1544,.F.);
#1544 = EDGE_CURVE('',#673,#1526,#1545,.T.);
#1545 = ( BOUNDED_CURVE() B_SPLINE_CURVE(2,(#1546,#1547,#1548),
.UNSPECIFIED.,.F.,.F.) B_SPLINE_CURVE_WITH_KNOTS((3,3),(0.,
5.160528137093),.PIECEWISE_BEZIER_KNOTS.) CURVE() 
GEOMETRIC_REPRESENTATION_ITEM() RATIONAL_B_SPLINE_CURVE((1.,
0.813356620552,1.)) REPRESENTATION_ITEM('') );
#1546 = CARTESIAN_POINT('',(-98.28112094375,127.72089326208,4.));
#1547 = CARTESIAN_POINT('',(-99.98860280699,130.01657773528,4.));
#1548 = CARTESIAN_POINT('',(-98.36773013117,132.37421071828,4.));
#1549 = ORIENTED_EDGE('',*,*,#681,.F.);
#1550 = ( BOUNDED_SURFACE() B_SPLINE_SURFACE(2,13,(
    (#1551,#1552,#1553,#1554,#1555,#1556,#1557,#1558,#1559,#1560,#1561
      ,#1562,#1563,#1564)
    ,(#1565,#1566,#1567,#1568,#1569,#1570,#1571,#1572,#1573,#1574,#1575
      ,#1576,#1577,#1578)
    ,(#1579,#1580,#1581,#1582,#1583,#1584,#1585,#1586,#1587,#1588,#1589
      ,#1590,#1591,#1592
)),.UNSPECIFIED.,.F.,.F.,.F.) B_SPLINE_SURFACE_WITH_KNOTS((3,3),(14,14),
  (0.,5.160528137093),(136.30594796908,141.46647610618),
.PIECEWISE_BEZIER_KNOTS.) GEOMETRIC_REPRESENTATION_ITEM() 
RATIONAL_B_SPLINE_SURFACE((
    (1.,1.,1.000000000001,0.999999999997,1.000000000006,0.99999999999
      ,1.000000000012,0.999999999988,1.000000000009,0.999999999994
      ,1.000000000003,0.999999999999,1.,1.)
    ,(0.707106781186,0.720838823368,0.734371534807,0.747413505886
      ,0.759735592576,0.771022549813,0.781392448502,0.790148907863
      ,0.797954428052,0.803988626429,0.808690027802,0.811797340861
      ,0.813356620552,0.813356620552)
    ,(1.,1.,1.000000000001,0.999999999997,1.000000000006,0.99999999999
      ,1.000000000012,0.999999999988,1.000000000009,0.999999999994
,1.000000000003,0.999999999999,1.,1.
  ))) REPRESENTATION_ITEM('') SURFACE() );
#1551 = CARTESIAN_POINT('',(-95.07156243437,130.10809542673,0.));
#1552 = CARTESIAN_POINT('',(-95.44517236773,129.83889477907,-3.1752E-13)
  );
#1553 = CARTESIAN_POINT('',(-95.8244731712,129.56320688629,
    5.744581076896E-02));
#1554 = CARTESIAN_POINT('',(-96.20137659888,129.28668356449,
    0.175481524497));
#1555 = CARTESIAN_POINT('',(-96.56799503734,129.01547752032,
    0.35682810559));
#1556 = CARTESIAN_POINT('',(-96.91387708621,128.75681548892,
    0.595060934264));
#1557 = CARTESIAN_POINT('',(-97.23735598284,128.51486356189,
    0.899009644832));
#1558 = CARTESIAN_POINT('',(-97.51940368116,128.30012707241,
    1.242740916223));
#1559 = CARTESIAN_POINT('',(-97.77086186593,128.11070669705,
    1.644469908155));
#1560 = CARTESIAN_POINT('',(-97.97053607682,127.95777419614,
    2.074924981877));
#1561 = CARTESIAN_POINT('',(-98.12580745923,127.83960111632,
    2.537560471573));
#1562 = CARTESIAN_POINT('',(-98.22927222453,127.76049242164,
    3.018460351235));
#1563 = CARTESIAN_POINT('',(-98.28112094375,127.72089326208,
    3.50932659185));
#1564 = CARTESIAN_POINT('',(-98.28112094375,127.72089326208,4.));
#1565 = CARTESIAN_POINT('',(-98.36773013119,132.37421071826,-3.11E-15));
#1566 = CARTESIAN_POINT('',(-98.58375289937,132.05999578271,
    0.145933152468));
#1567 = CARTESIAN_POINT('',(-98.79127682332,131.75814280243,
    0.328160521777));
#1568 = CARTESIAN_POINT('',(-98.98844679034,131.47135012313,
    0.54457044124));
#1569 = CARTESIAN_POINT('',(-99.17312629394,131.20272539063,
    0.792987620993));
#1570 = CARTESIAN_POINT('',(-99.34430174112,130.95374292197,
    1.071599069172));
#1571 = CARTESIAN_POINT('',(-99.4979336655,130.73027830474,
    1.378127528518));
#1572 = CARTESIAN_POINT('',(-99.63523632105,130.53056535116,
    1.708891096411));
#1573 = CARTESIAN_POINT('',(-99.75071414644,130.36259760517,
    2.062674222189));
#1574 = CARTESIAN_POINT('',(-99.84567026691,130.22447961174,
    2.433086844946));
#1575 = CARTESIAN_POINT('',(-99.91705691905,130.12064448137,
    2.817324267203));
#1576 = CARTESIAN_POINT('',(-99.96486638087,130.05110344599,
    3.209764048532));
#1577 = CARTESIAN_POINT('',(-99.98860280699,130.01657773528,
    3.605697621001));
#1578 = CARTESIAN_POINT('',(-99.98860280699,130.01657773528,4.));
#1579 = CARTESIAN_POINT('',(-97.71457558232,133.32425369842,
    3.830249009033));
#1580 = CARTESIAN_POINT('',(-97.76240448002,133.25468439268,
    3.725179150801));
#1581 = CARTESIAN_POINT('',(-97.82048031859,133.17021044567,
    3.635889286862));
#1582 = CARTESIAN_POINT('',(-97.88654744052,133.07411281377,
    3.567264714571));
#1583 = CARTESIAN_POINT('',(-97.95713180517,132.97144464702,
    3.516447869515));
#1584 = CARTESIAN_POINT('',(-98.03292542672,132.86119937929,
    3.504590707326));
#1585 = CARTESIAN_POINT('',(-98.09944354015,132.76444575977,
    3.484734932631));
#1586 = CARTESIAN_POINT('',(-98.17674850668,132.65200217208,
    3.537499717998));
#1587 = CARTESIAN_POINT('',(-98.22992317983,132.57465719296,
    3.561045032668));
#1588 = CARTESIAN_POINT('',(-98.28732225561,132.49116762819,
    3.639394912235));
#1589 = CARTESIAN_POINT('',(-98.32596562962,132.43495908418,
    3.716230238335));
#1590 = CARTESIAN_POINT('',(-98.35400223173,132.39417857201,
    3.808113373457));
#1591 = CARTESIAN_POINT('',(-98.36773013117,132.37421071828,
    3.903969457434));
#1592 = CARTESIAN_POINT('',(-98.36773013117,132.37421071828,4.));
#1593 = ADVANCED_FACE('',(#1594),#1632,.F.);
#1594 = FACE_BOUND('',#1595,.F.);
#1595 = EDGE_LOOP('',(#1596,#1602,#1603,#1604,#1623,#1629,#1630,#1631));
#1596 = ORIENTED_EDGE('',*,*,#1597,.T.);
#1597 = EDGE_CURVE('',#774,#1307,#1598,.T.);
#1598 = LINE('',#1599,#1600);
#1599 = CARTESIAN_POINT('',(-60.0243360281,188.14642032275,0.));
#1600 = VECTOR('',#1601,1.);
#1601 = DIRECTION('',(0.,0.,1.));
#1602 = ORIENTED_EDGE('',*,*,#1306,.F.);
#1603 = ORIENTED_EDGE('',*,*,#1248,.F.);
#1604 = ORIENTED_EDGE('',*,*,#1605,.F.);
#1605 = EDGE_CURVE('',#1606,#1241,#1608,.T.);
#1606 = VERTEX_POINT('',#1607);
#1607 = CARTESIAN_POINT('',(-98.36773013117,132.37421071828,11.));
#1608 = ( BOUNDED_CURVE() B_SPLINE_CURVE(7,(#1609,#1610,#1611,#1612,
    #1613,#1614,#1615,#1616,#1617,#1618,#1619,#1620,#1621,#1622),
.UNSPECIFIED.,.F.,.F.) B_SPLINE_CURVE_WITH_KNOTS((8,6,8),(
    148.46647610618,151.04673788883,153.62699967148),.UNSPECIFIED.) 
CURVE() GEOMETRIC_REPRESENTATION_ITEM() RATIONAL_B_SPLINE_CURVE((1.,1.,
1.,1.,1.,1.,1.,1.,1.,1.,1.,1.,1.,1.)) REPRESENTATION_ITEM('') );
#1609 = CARTESIAN_POINT('',(-98.36773013117,132.37421071828,11.));
#1610 = CARTESIAN_POINT('',(-98.36773013117,132.37421071828,
    11.089171139098));
#1611 = CARTESIAN_POINT('',(-98.35490915761,132.3928594071,
    11.178417742797));
#1612 = CARTESIAN_POINT('',(-98.32940237728,132.42996017848,
    11.262065801337));
#1613 = CARTESIAN_POINT('',(-98.29175327685,132.48472250638,
    11.336366155863));
#1614 = CARTESIAN_POINT('',(-98.24447189997,132.55349541821,
    11.394477400334));
#1615 = CARTESIAN_POINT('',(-98.18946891795,132.6334997557,
    11.435375619846));
#1616 = CARTESIAN_POINT('',(-98.07005853641,132.80718758339,
    11.477103467685));
#1617 = CARTESIAN_POINT('',(-98.0056446854,132.90088045759,
    11.477990690839));
#1618 = CARTESIAN_POINT('',(-97.93939128897,132.99724903421,
    11.457084607282));
#1619 = CARTESIAN_POINT('',(-97.87389840692,133.0925114081,
    11.414416710104));
#1620 = CARTESIAN_POINT('',(-97.81293958496,133.1811787855,
    11.350107512846));
#1621 = CARTESIAN_POINT('',(-97.75898398301,133.25965966107,
    11.267318712464));
#1622 = CARTESIAN_POINT('',(-97.71457048046,133.32426111932,
    11.169753701632));
#1623 = ORIENTED_EDGE('',*,*,#1624,.F.);
#1624 = EDGE_CURVE('',#1526,#1606,#1625,.T.);
#1625 = LINE('',#1626,#1627);
#1626 = CARTESIAN_POINT('',(-98.36773013117,132.37421071828,4.));
#1627 = VECTOR('',#1628,1.);
#1628 = DIRECTION('',(0.,0.,1.));
#1629 = ORIENTED_EDGE('',*,*,#1525,.F.);
#1630 = ORIENTED_EDGE('',*,*,#733,.F.);
#1631 = ORIENTED_EDGE('',*,*,#782,.F.);
#1632 = PLANE('',#1633);
#1633 = AXIS2_PLACEMENT_3D('',#1634,#1635,#1636);
#1634 = CARTESIAN_POINT('',(-45.,210.,0.));
#1635 = DIRECTION('',(0.824041924199,-0.566528822887,0.));
#1636 = DIRECTION('',(-0.566528822887,-0.824041924199,0.));
#1637 = ADVANCED_FACE('',(#1638),#1649,.T.);
#1638 = FACE_BOUND('',#1639,.T.);
#1639 = EDGE_LOOP('',(#1640,#1641,#1642));
#1640 = ORIENTED_EDGE('',*,*,#855,.F.);
#1641 = ORIENTED_EDGE('',*,*,#773,.T.);
#1642 = ORIENTED_EDGE('',*,*,#1643,.F.);
#1643 = EDGE_CURVE('',#848,#774,#1644,.T.);
#1644 = CIRCLE('',#1645,4.);
#1645 = AXIS2_PLACEMENT_3D('',#1646,#1647,#1648);
#1646 = CARTESIAN_POINT('',(-56.7281683313,185.8803050312,4.));
#1647 = DIRECTION('',(-0.,0.,1.));
#1648 = DIRECTION('',(0.954479978035,-0.298274993136,0.));
#1649 = SPHERICAL_SURFACE('',#1650,4.);
#1650 = AXIS2_PLACEMENT_3D('',#1651,#1652,#1653);
#1651 = CARTESIAN_POINT('',(-56.7281683313,185.8803050312,4.));
#1652 = DIRECTION('',(0.,0.,1.));
#1653 = DIRECTION('',(0.954479978035,-0.298274993136,0.));
#1654 = ADVANCED_FACE('',(#1655),#1666,.T.);
#1655 = FACE_BOUND('',#1656,.T.);
#1656 = EDGE_LOOP('',(#1657,#1663,#1664,#1665));
#1657 = ORIENTED_EDGE('',*,*,#1658,.T.);
#1658 = EDGE_CURVE('',#848,#1331,#1659,.T.);
#1659 = LINE('',#1660,#1661);
#1660 = CARTESIAN_POINT('',(-52.91024841916,184.68720505866,0.));
#1661 = VECTOR('',#1662,1.);
#1662 = DIRECTION('',(0.,0.,1.));
#1663 = ORIENTED_EDGE('',*,*,#1339,.T.);
#1664 = ORIENTED_EDGE('',*,*,#871,.F.);
#1665 = ORIENTED_EDGE('',*,*,#847,.T.);
#1666 = PLANE('',#1667);
#1667 = AXIS2_PLACEMENT_3D('',#1668,#1669,#1670);
#1668 = CARTESIAN_POINT('',(-45.,210.,0.));
#1669 = DIRECTION('',(0.954479978035,-0.298274993136,0.));
#1670 = DIRECTION('',(-0.298274993136,-0.954479978035,0.));
#1671 = ADVANCED_FACE('',(#1672),#1684,.T.);
#1672 = FACE_BOUND('',#1673,.T.);
#1673 = EDGE_LOOP('',(#1674,#1681,#1682,#1683));
#1674 = ORIENTED_EDGE('',*,*,#1675,.T.);
#1675 = EDGE_CURVE('',#1139,#1413,#1676,.T.);
#1676 = CIRCLE('',#1677,4.);
#1677 = AXIS2_PLACEMENT_3D('',#1678,#1679,#1680);
#1678 = CARTESIAN_POINT('',(-95.07156243438,-130.1080954267,11.));
#1679 = DIRECTION('',(0.,0.,1.));
#1680 = DIRECTION('',(-0.802389627343,0.596800541162,0.));
#1681 = ORIENTED_EDGE('',*,*,#1420,.T.);
#1682 = ORIENTED_EDGE('',*,*,#1192,.F.);
#1683 = ORIENTED_EDGE('',*,*,#1167,.F.);
#1684 = ( BOUNDED_SURFACE() B_SPLINE_SURFACE(2,7,(
    (#1685,#1686,#1687,#1688,#1689,#1690,#1691,#1692,#1693,#1694,#1695
      ,#1696,#1697,#1698)
    ,(#1699,#1700,#1701,#1702,#1703,#1704,#1705,#1706,#1707,#1708,#1709
      ,#1710,#1711,#1712)
    ,(#1713,#1714,#1715,#1716,#1717,#1718,#1719,#1720,#1721,#1722,#1723
      ,#1724,#1725,#1726
)),.UNSPECIFIED.,.F.,.F.,.F.) B_SPLINE_SURFACE_WITH_KNOTS((3,3),(8,6,8),
  (0.,5.160523565305),(148.46647610618,151.04673788883,153.62699967148),
.UNSPECIFIED.) GEOMETRIC_REPRESENTATION_ITEM() RATIONAL_B_SPLINE_SURFACE
((
    (1.,1.,1.,1.,1.,1.,1.,1.,1.,1.,1.,1.,1.,1.)
    ,(0.813356620552,0.813356620552,0.811910356451,0.809013045642
      ,0.804703172314,0.79900478428,0.792014765646,0.775663180223
      ,0.766301888596,0.755866804346,0.744511783714,0.732423602001
      ,0.719857954247,0.707106781187)
,(1.,1.,1.,1.,1.,1.,1.,1.,1.,1.,1.,1.,1.,1.
))) REPRESENTATION_ITEM('') SURFACE() );
#1685 = CARTESIAN_POINT('',(-98.28112094375,-127.720893262,11.));
#1686 = CARTESIAN_POINT('',(-98.28112094375,-127.720893262,
    11.455624903922));
#1687 = CARTESIAN_POINT('',(-98.23301169824,-127.7576479088,
    11.911372571992));
#1688 = CARTESIAN_POINT('',(-98.13667293131,-127.8312246555,
    12.357172917189));
#1689 = CARTESIAN_POINT('',(-97.99403090912,-127.9400718318,
    12.783232158353));
#1690 = CARTESIAN_POINT('',(-97.80758680051,-128.0818573724,
    13.180761192711));
#1691 = CARTESIAN_POINT('',(-97.58249722142,-128.2523184076,
    13.540827788444));
#1692 = CARTESIAN_POINT('',(-97.06650636976,-128.6408704576,
    14.173648554564));
#1693 = CARTESIAN_POINT('',(-96.77561269454,-128.8589566862,
    14.446376349122));
#1694 = CARTESIAN_POINT('',(-96.45770337437,-129.0959228713,
    14.668945587156));
#1695 = CARTESIAN_POINT('',(-96.12001609626,-129.3458527377,
    14.836525712868));
#1696 = CARTESIAN_POINT('',(-95.7706852898,-129.6021286013,
    14.94668618027));
#1697 = CARTESIAN_POINT('',(-95.41848551886,-129.8581238359,15.));
#1698 = CARTESIAN_POINT('',(-95.07156243438,-130.1080954267,15.));
#1699 = CARTESIAN_POINT('',(-99.98860280699,-130.0165777352,11.));
#1700 = CARTESIAN_POINT('',(-99.98860280699,-130.0165777352,
    11.366137598989));
#1701 = CARTESIAN_POINT('',(-99.96655914802,-130.0486412392,
    11.733686125037));
#1702 = CARTESIAN_POINT('',(-99.92222838615,-130.1131223474,
    12.097029236108));
#1703 = CARTESIAN_POINT('',(-99.85617181505,-130.2092046326,
    12.450933493241));
#1704 = CARTESIAN_POINT('',(-99.76969255435,-130.3349926482,
    12.7903662761));
#1705 = CARTESIAN_POINT('',(-99.66466219061,-130.4877640863,
    13.111145379087));
#1706 = CARTESIAN_POINT('',(-99.41897795215,-130.8451229786,
    13.715490179681));
#1707 = CARTESIAN_POINT('',(-99.27680584644,-131.0519187688,
    14.000125223999));
#1708 = CARTESIAN_POINT('',(-99.11844172528,-131.2822665813,
    14.26018055697));
#1709 = CARTESIAN_POINT('',(-98.94606227005,-131.5330003344,
    14.492426020709));
#1710 = CARTESIAN_POINT('',(-98.7620770451,-131.8006152071,
    14.694463447804));
#1711 = CARTESIAN_POINT('',(-98.5685955266,-132.0820428703,
    14.864306192284));
#1712 = CARTESIAN_POINT('',(-98.36773013117,-132.3742107182,15.));
#1713 = CARTESIAN_POINT('',(-98.36773013117,-132.3742107182,11.));
#1714 = CARTESIAN_POINT('',(-98.36773013117,-132.3742107182,
    11.089171139103));
#1715 = CARTESIAN_POINT('',(-98.35490915761,-132.3928594071,
    11.178417742777));
#1716 = CARTESIAN_POINT('',(-98.32940237728,-132.4299601784,
    11.262065801369));
#1717 = CARTESIAN_POINT('',(-98.29175327686,-132.4847225063,
    11.33636615584));
#1718 = CARTESIAN_POINT('',(-98.24447189998,-132.5534954182,
    11.394477400339));
#1719 = CARTESIAN_POINT('',(-98.18946891795,-132.6334997557,
    11.435375619851));
#1720 = CARTESIAN_POINT('',(-98.07005853641,-132.8071875833,
    11.477103467683));
#1721 = CARTESIAN_POINT('',(-98.0056446854,-132.9008804575,
    11.47799069083));
#1722 = CARTESIAN_POINT('',(-97.93939128897,-132.9972490342,
    11.457084607291));
#1723 = CARTESIAN_POINT('',(-97.87389840692,-133.0925114081,
    11.414416710099));
#1724 = CARTESIAN_POINT('',(-97.81293958496,-133.1811787855,
    11.350107512848));
#1725 = CARTESIAN_POINT('',(-97.75898398301,-133.259659661,
    11.267318712465));
#1726 = CARTESIAN_POINT('',(-97.71457048046,-133.3242611193,
    11.169753701632));
#1727 = ADVANCED_FACE('',(#1728),#1740,.F.);
#1728 = FACE_BOUND('',#1729,.F.);
#1729 = EDGE_LOOP('',(#1730,#1737,#1738,#1739));
#1730 = ORIENTED_EDGE('',*,*,#1731,.T.);
#1731 = EDGE_CURVE('',#1141,#1606,#1732,.T.);
#1732 = CIRCLE('',#1733,4.);
#1733 = AXIS2_PLACEMENT_3D('',#1734,#1735,#1736);
#1734 = CARTESIAN_POINT('',(-95.07156243437,130.10809542673,11.));
#1735 = DIRECTION('',(-0.,0.,-1.));
#1736 = DIRECTION('',(-0.802389627343,-0.596800541162,0.));
#1737 = ORIENTED_EDGE('',*,*,#1605,.T.);
#1738 = ORIENTED_EDGE('',*,*,#1240,.F.);
#1739 = ORIENTED_EDGE('',*,*,#1149,.F.);
#1740 = ( BOUNDED_SURFACE() B_SPLINE_SURFACE(2,7,(
    (#1741,#1742,#1743,#1744,#1745,#1746,#1747,#1748,#1749,#1750,#1751
      ,#1752,#1753,#1754)
    ,(#1755,#1756,#1757,#1758,#1759,#1760,#1761,#1762,#1763,#1764,#1765
      ,#1766,#1767,#1768)
    ,(#1769,#1770,#1771,#1772,#1773,#1774,#1775,#1776,#1777,#1778,#1779
      ,#1780,#1781,#1782
)),.UNSPECIFIED.,.F.,.F.,.F.) B_SPLINE_SURFACE_WITH_KNOTS((3,3),(8,6,8),
  (0.,5.160523565303),(148.46647610618,151.04673788883,153.62699967148),
.UNSPECIFIED.) GEOMETRIC_REPRESENTATION_ITEM() RATIONAL_B_SPLINE_SURFACE
((
    (1.,1.,1.,1.,1.,1.,1.,1.,1.,1.,1.,1.,1.,1.)
    ,(0.813356620552,0.813356620552,0.811910356451,0.809013045642
      ,0.804703172314,0.79900478428,0.792014765646,0.775663180223
      ,0.766301888596,0.755866804345,0.744511783714,0.732423602001
      ,0.719857954247,0.707106781187)
,(1.,1.,1.,1.,1.,1.,1.,1.,1.,1.,1.,1.,1.,1.
))) REPRESENTATION_ITEM('') SURFACE() );
#1741 = CARTESIAN_POINT('',(-98.28112094375,127.72089326208,11.));
#1742 = CARTESIAN_POINT('',(-98.28112094375,127.72089326208,
    11.455624903922));
#1743 = CARTESIAN_POINT('',(-98.23301169824,127.75764790881,
    11.911372571989));
#1744 = CARTESIAN_POINT('',(-98.13667293131,127.83122465554,
    12.357172917189));
#1745 = CARTESIAN_POINT('',(-97.99403090912,127.94007183184,
    12.783232158348));
#1746 = CARTESIAN_POINT('',(-97.80758680051,128.08185737244,
    13.18076119271));
#1747 = CARTESIAN_POINT('',(-97.58249722142,128.25231840768,
    13.54082778844));
#1748 = CARTESIAN_POINT('',(-97.06650636976,128.64087045765,
    14.17364855456));
#1749 = CARTESIAN_POINT('',(-96.77561269454,128.85895668622,
    14.44637634912));
#1750 = CARTESIAN_POINT('',(-96.45770337436,129.09592287134,
    14.668945587159));
#1751 = CARTESIAN_POINT('',(-96.12001609626,129.34585273775,
    14.836525712864));
#1752 = CARTESIAN_POINT('',(-95.7706852898,129.6021286013,14.94668618027
    ));
#1753 = CARTESIAN_POINT('',(-95.41848551886,129.85812383598,15.));
#1754 = CARTESIAN_POINT('',(-95.07156243437,130.10809542673,15.));
#1755 = CARTESIAN_POINT('',(-99.98860280699,130.01657773528,11.));
#1756 = CARTESIAN_POINT('',(-99.98860280699,130.01657773528,
    11.366137598988));
#1757 = CARTESIAN_POINT('',(-99.96655914802,130.04864123923,
    11.733686125039));
#1758 = CARTESIAN_POINT('',(-99.92222838615,130.1131223474,
    12.097029236101));
#1759 = CARTESIAN_POINT('',(-99.85617181505,130.20920463265,
    12.450933493242));
#1760 = CARTESIAN_POINT('',(-99.76969255435,130.33499264821,
    12.790366276098));
#1761 = CARTESIAN_POINT('',(-99.66466219061,130.48776408637,
    13.111145379083));
#1762 = CARTESIAN_POINT('',(-99.41897795215,130.84512297868,
    13.715490179678));
#1763 = CARTESIAN_POINT('',(-99.27680584644,131.0519187688,
    14.000125223997));
#1764 = CARTESIAN_POINT('',(-99.11844172528,131.28226658139,
    14.260180556971));
#1765 = CARTESIAN_POINT('',(-98.94606227005,131.53300033445,
    14.492426020706));
#1766 = CARTESIAN_POINT('',(-98.7620770451,131.80061520712,
    14.694463447803));
#1767 = CARTESIAN_POINT('',(-98.5685955266,132.08204287039,
    14.864306192284));
#1768 = CARTESIAN_POINT('',(-98.36773013117,132.37421071828,15.));
#1769 = CARTESIAN_POINT('',(-98.36773013117,132.37421071828,11.));
#1770 = CARTESIAN_POINT('',(-98.36773013117,132.37421071828,
    11.089171139098));
#1771 = CARTESIAN_POINT('',(-98.35490915761,132.3928594071,
    11.178417742797));
#1772 = CARTESIAN_POINT('',(-98.32940237728,132.42996017848,
    11.262065801337));
#1773 = CARTESIAN_POINT('',(-98.29175327685,132.48472250638,
    11.336366155863));
#1774 = CARTESIAN_POINT('',(-98.24447189997,132.55349541821,
    11.394477400334));
#1775 = CARTESIAN_POINT('',(-98.18946891795,132.6334997557,
    11.435375619846));
#1776 = CARTESIAN_POINT('',(-98.07005853641,132.80718758339,
    11.477103467685));
#1777 = CARTESIAN_POINT('',(-98.0056446854,132.90088045759,
    11.477990690839));
#1778 = CARTESIAN_POINT('',(-97.93939128897,132.99724903421,
    11.457084607282));
#1779 = CARTESIAN_POINT('',(-97.87389840692,133.0925114081,
    11.414416710104));
#1780 = CARTESIAN_POINT('',(-97.81293958496,133.1811787855,
    11.350107512846));
#1781 = CARTESIAN_POINT('',(-97.75898398301,133.25965966107,
    11.267318712464));
#1782 = CARTESIAN_POINT('',(-97.71457048046,133.32426111932,
    11.169753701632));
#1783 = ADVANCED_FACE('',(#1784),#1795,.T.);
#1784 = FACE_BOUND('',#1785,.T.);
#1785 = EDGE_LOOP('',(#1786,#1787,#1788));
#1786 = ORIENTED_EDGE('',*,*,#1314,.F.);
#1787 = ORIENTED_EDGE('',*,*,#1330,.T.);
#1788 = ORIENTED_EDGE('',*,*,#1789,.F.);
#1789 = EDGE_CURVE('',#1307,#1331,#1790,.T.);
#1790 = CIRCLE('',#1791,4.);
#1791 = AXIS2_PLACEMENT_3D('',#1792,#1793,#1794);
#1792 = CARTESIAN_POINT('',(-56.7281683313,185.8803050312,11.));
#1793 = DIRECTION('',(0.,0.,-1.));
#1794 = DIRECTION('',(-0.824041924199,0.566528822887,0.));
#1795 = SPHERICAL_SURFACE('',#1796,4.);
#1796 = AXIS2_PLACEMENT_3D('',#1797,#1798,#1799);
#1797 = CARTESIAN_POINT('',(-56.7281683313,185.8803050312,11.));
#1798 = DIRECTION('',(-0.,-0.,-1.));
#1799 = DIRECTION('',(-0.824041924199,0.566528822887,0.));
#1800 = ADVANCED_FACE('',(#1801),#1807,.T.);
#1801 = FACE_BOUND('',#1802,.T.);
#1802 = EDGE_LOOP('',(#1803,#1804,#1805,#1806));
#1803 = ORIENTED_EDGE('',*,*,#1449,.T.);
#1804 = ORIENTED_EDGE('',*,*,#1412,.T.);
#1805 = ORIENTED_EDGE('',*,*,#1675,.F.);
#1806 = ORIENTED_EDGE('',*,*,#1503,.F.);
#1807 = CYLINDRICAL_SURFACE('',#1808,4.);
#1808 = AXIS2_PLACEMENT_3D('',#1809,#1810,#1811);
#1809 = CARTESIAN_POINT('',(-95.07156243438,-130.1080954267,4.));
#1810 = DIRECTION('',(0.,0.,1.));
#1811 = DIRECTION('',(-0.802389627343,0.596800541162,0.));
#1812 = ADVANCED_FACE('',(#1813),#1819,.T.);
#1813 = FACE_BOUND('',#1814,.F.);
#1814 = EDGE_LOOP('',(#1815,#1816,#1817,#1818));
#1815 = ORIENTED_EDGE('',*,*,#1544,.T.);
#1816 = ORIENTED_EDGE('',*,*,#1624,.T.);
#1817 = ORIENTED_EDGE('',*,*,#1731,.F.);
#1818 = ORIENTED_EDGE('',*,*,#1510,.F.);
#1819 = CYLINDRICAL_SURFACE('',#1820,4.);
#1820 = AXIS2_PLACEMENT_3D('',#1821,#1822,#1823);
#1821 = CARTESIAN_POINT('',(-95.07156243437,130.10809542673,4.));
#1822 = DIRECTION('',(0.,0.,1.));
#1823 = DIRECTION('',(-0.802389627343,-0.596800541162,0.));
#1824 = ADVANCED_FACE('',(#1825),#1831,.T.);
#1825 = FACE_BOUND('',#1826,.T.);
#1826 = EDGE_LOOP('',(#1827,#1828,#1829,#1830));
#1827 = ORIENTED_EDGE('',*,*,#1658,.F.);
#1828 = ORIENTED_EDGE('',*,*,#1643,.T.);
#1829 = ORIENTED_EDGE('',*,*,#1597,.T.);
#1830 = ORIENTED_EDGE('',*,*,#1789,.T.);
#1831 = CYLINDRICAL_SURFACE('',#1832,4.);
#1832 = AXIS2_PLACEMENT_3D('',#1833,#1834,#1835);
#1833 = CARTESIAN_POINT('',(-56.7281683313,185.8803050312,0.));
#1834 = DIRECTION('',(0.,0.,1.));
#1835 = DIRECTION('',(0.954479978035,-0.298274993136,0.));
#1836 = ( GEOMETRIC_REPRESENTATION_CONTEXT(3) 
GLOBAL_UNCERTAINTY_ASSIGNED_CONTEXT((#1840)) 
GLOBAL_UNIT_ASSIGNED_CONTEXT((#1837,#1838,#1839)) REPRESENTATION_CONTEXT
('Context #1','3D Context with UNIT and UNCERTAINTY') );
#1837 = ( LENGTH_UNIT() NAMED_UNIT(*) SI_UNIT(.MILLI.,.METRE.) );
#1838 = ( NAMED_UNIT(*) PLANE_ANGLE_UNIT() SI_UNIT($,.RADIAN.) );
#1839 = ( NAMED_UNIT(*) SI_UNIT($,.STERADIAN.) SOLID_ANGLE_UNIT() );
#1840 = UNCERTAINTY_MEASURE_WITH_UNIT(LENGTH_MEASURE(1.E-04),#1837,
  'distance_accuracy_value','confusion accuracy');
#1841 = PRODUCT_RELATED_PRODUCT_CATEGORY('part',$,(#7));
#1842 = MECHANICAL_DESIGN_GEOMETRIC_PRESENTATION_REPRESENTATION('',(
    #1843),#1836);
#1843 = STYLED_ITEM('color',(#1844),#15);
#1844 = PRESENTATION_STYLE_ASSIGNMENT((#1845,#1851));
#1845 = SURFACE_STYLE_USAGE(.BOTH.,#1846);
#1846 = SURFACE_SIDE_STYLE('',(#1847));
#1847 = SURFACE_STYLE_FILL_AREA(#1848);
#1848 = FILL_AREA_STYLE('',(#1849));
#1849 = FILL_AREA_STYLE_COLOUR('',#1850);
#1850 = COLOUR_RGB('',0.678431390124,0.709803936702,0.741176476869);
#1851 = CURVE_STYLE('',#1852,POSITIVE_LENGTH_MEASURE(0.1),#1853);
#1852 = DRAUGHTING_PRE_DEFINED_CURVE_FONT('continuous');
#1853 = COLOUR_RGB('',9.803921802644E-02,9.803921802644E-02,
  9.803921802644E-02);
ENDSEC;
END-ISO-10303-21;
